,chargerId,gpsLat,gpsLong,type,physicalPosition,session.position,carChargeParameter.maxPower,numberStacks,average_current_all_months,polygon,number_charging_station,area_km2,population_density,land_use_summary,amenity_school_count,amenity_university_count,amenity_restaurant_count,amenity_place_of_worship_count,amenity_community_centre_count,amenity_townhall_count,amenity_parking_count,amenity_library_count,leisure_park_count,leisure_cinema_count,building_commercial_count,building_government_count,building_civic_count,building_retail_count,land_use,oneway,lanes,highway,maxspeed,node_count,edge_count
0,6590.0,44.66229,10.85797,CCS2_400,1.0,1,130000.0,4.0,464.37551020408165,"POLYGON ((10.851655091881739 44.65776814133521, 10.851655091881739 44.666811858664786, 10.864284908118261 44.666811858664786, 10.864284908118261 44.65776814133521, 10.851655091881739 44.65776814133521))",1,1,52.367585,"{'Other': 9, 'residential': 3, 'industrial': 1}",0,0,3,0,0,0,6,0,0,0,1,0,0,2,residential,yes,4,service,109.23076923076923,15,31
1,6708.0,42.49927,12.31106,CCS2_400,1.0,1,326000.0,4.0,419.5046296296296,"POLYGON ((12.304967986569942 42.494748141335215, 12.304967986569942 42.50379185866479, 12.317152013430057 42.50379185866479, 12.317152013430057 42.494748141335215, 12.304967986569942 42.494748141335215))",1,1,26.962282,,0,0,0,0,0,0,0,0,0,0,0,0,0,0,Other,yes,2,service,85.0,4,8
2,6709.0,44.66229,10.85801,CCS2_400,1.0,1,326000.0,4.0,459.5734838121295,"POLYGON ((10.851695091881739 44.65776814133521, 10.851695091881739 44.666811858664786, 10.864324908118261 44.666811858664786, 10.864324908118261 44.65776814133521, 10.851695091881739 44.65776814133521))",1,1,52.45259899999999,,0,0,3,0,0,0,6,0,0,0,1,0,0,2,residential,yes,4,service,109.23076923076923,15,31
3,6710.0,42.49929,12.31107,CCS2_400,4.0,2,326000.0,4.0,472.37107758620687,"POLYGON ((12.304977984621402 42.494768141335214, 12.304977984621402 42.50381185866479, 12.3171620153786 42.50381185866479, 12.3171620153786 42.494768141335214, 12.304977984621402 42.494768141335214))",1,1,26.962282,,0,0,0,0,0,0,0,0,0,0,0,0,0,0,Other,yes,2,service,85.0,4,8
4,6724.0,45.321012,9.375258,CCS2_400,1.0,1,129000.0,4.0,395.64254658385096,"POLYGON ((9.368870091051548 45.316490141335215, 9.368870091051548 45.32553385866479, 9.381645908948453 45.32553385866479, 9.381645908948453 45.316490141335215, 9.368870091051548 45.316490141335215))",1,1,9.684773999999999,,0,0,1,0,0,0,2,0,0,0,0,0,0,1,Other,yes,3,service,130.0,12,24
5,6725.0,43.48079,13.59624,CCS2_400,1.0,1,0.0,4.0,497.47730263157894,"POLYGON ((13.590049917061155 43.47626814133521, 13.590049917061155 43.48531185866479, 13.602430082938845 43.48531185866479, 13.602430082938845 43.47626814133521, 13.590049917061155 43.47626814133521))",1,1,2.2628999999999997,,0,0,2,0,0,0,16,0,0,0,1,0,0,1,commercial,yes,1,service,50.45454545454545,9,20
6,6726.0,45.32181749999999,9.3746729,CCS2_400,4.0,2,0.0,4.0,422.7735507246377,"POLYGON ((9.368284900232407 45.3172956413352, 9.368284900232407 45.326339358664775, 9.381060899767593 45.326339358664775, 9.381060899767593 45.3172956413352, 9.368284900232407 45.3172956413352))",1,1,9.684773999999999,,0,0,1,0,0,0,2,0,0,0,0,0,0,1,Other,yes,3,service,130.0,12,24
7,6772.0,44.66244,10.85816,CHAdeMO,1.0,1,0.0,1.0,0.0,"POLYGON ((10.851845075543034 44.65791814133521, 10.851845075543034 44.666961858664784, 10.864474924456966 44.666961858664784, 10.864474924456966 44.65791814133521, 10.851845075543034 44.65791814133521))",1,1,51.265494999999994,,0,0,3,0,0,0,6,0,0,0,1,0,0,2,residential,yes,4,service,109.23076923076923,13,28
8,8109.0,41.04907,14.3231,CCS2_400,1.0,1,0.0,4.0,451.3141865079365,"POLYGON ((14.317144193907964 41.04454814133521, 14.317144193907964 41.05359185866479, 14.329055806092036 41.05359185866479, 14.329055806092036 41.04454814133521, 14.317144193907964 41.04454814133521))",2,1,4694.649642,,2,0,2,1,0,0,22,0,5,0,2,0,0,0,residential,yes,2,service,40.0,53,104
9,8110.0,45.57585,9.39382,CCS2_400,1.0,1,0.0,4.0,429.0775862068965,"POLYGON ((9.387403165507846 45.571328141335215, 9.387403165507846 45.58037185866479, 9.400236834492153 45.58037185866479, 9.400236834492153 45.571328141335215, 9.387403165507846 45.571328141335215))",1,1,27.02057099999998,,0,0,1,0,0,0,3,0,0,0,2,0,0,0,commercial,yes,2,service,57.333333333333336,15,27
10,8111.0,44.51957,11.21374,CCS2_400,1.0,1,0.0,4.0,409.43055555555554,"POLYGON ((11.207440579868084 44.515048141335214, 11.207440579868084 44.52409185866479, 11.220039420131915 44.52409185866479, 11.220039420131915 44.515048141335214, 11.207440579868084 44.515048141335214))",2,1,148.513848,,0,0,2,0,0,0,12,0,1,0,1,0,0,0,residential,yes,3,service,49.23076923076923,2,2
11,8112.0,44.51956,11.21367,CCS2_400,1.0,1,0.0,4.0,431.5444444444445,"POLYGON ((11.207370580949256 44.51503814133521, 11.207370580949256 44.524081858664786, 11.219969419050745 44.524081858664786, 11.219969419050745 44.51503814133521, 11.207370580949256 44.51503814133521))",2,1,148.513848,,0,0,2,0,0,0,12,0,1,0,1,0,0,0,residential,yes,3,service,49.23076923076923,2,2
12,8113.0,41.04907707432876,14.323144528269848,CCS2_400,4.0,2,0.0,4.0,433.03144385026735,"POLYGON ((14.317188721537464 41.04455521566397, 14.317188721537464 41.053598932993545, 14.329100335002233 41.053598932993545, 14.329100335002233 41.04455521566397, 14.317188721537464 41.04455521566397))",2,1,4694.649642,,2,0,2,1,0,0,22,0,5,0,2,0,0,0,residential,yes,2,service,40.0,53,104
13,8114.0,41.23408,14.09174,CCS2_400,1.0,1,326000.0,4.0,419.9196428571429,"POLYGON ((14.085767368866454 41.22955814133521, 14.085767368866454 41.23860185866479, 14.097712631133545 41.23860185866479, 14.097712631133545 41.22955814133521, 14.085767368866454 41.22955814133521))",1,1,127.20679899999998,,0,0,1,0,0,0,6,0,0,0,0,0,0,0,Other,yes,3,service,97.0,12,24
14,8115.0,41.23402,14.09175,CCS2_400,4.0,2,0.0,4.0,448.2265325670498,"POLYGON ((14.085777374348444 41.22949814133521, 14.085777374348444 41.23854185866479, 14.097722625651555 41.23854185866479, 14.097722625651555 41.22949814133521, 14.085777374348444 41.22949814133521))",1,1,127.20679899999998,,0,0,1,0,0,0,6,0,0,0,0,0,0,0,Other,yes,3,service,97.0,12,24
15,8116.0,44.5183,11.21429,CCS2_400,1.0,1,111700.0,4.0,417.0457142857143,"POLYGON ((11.207990717172267 44.513778141335216, 11.207990717172267 44.52282185866479, 11.220589282827733 44.52282185866479, 11.220589282827733 44.513778141335216, 11.207990717172267 44.513778141335216))",2,1,150.0818,,0,0,2,0,0,0,12,0,1,0,1,0,0,0,residential,yes,3,service,49.23076923076923,2,2
16,8117.0,45.57584,9.39376,CCS2_400,4.0,2,0.0,4.0,451.09214285714285,"POLYGON ((9.387343166650536 45.57131814133521, 9.387343166650536 45.58036185866479, 9.400176833349464 45.58036185866479, 9.400176833349464 45.57131814133521, 9.387343166650536 45.57131814133521))",1,1,27.061754999999977,,0,0,1,0,0,0,3,0,0,0,2,0,0,0,commercial,yes,2,service,56.25,15,27
17,8118.0,44.51834,11.21432,CCS2_400,4.0,2,0.0,4.0,418.34558823529414,"POLYGON ((11.208020712847865 44.513818141335214, 11.208020712847865 44.52286185866479, 11.220619287152136 44.52286185866479, 11.220619287152136 44.513818141335214, 11.208020712847865 44.513818141335214))",2,1,150.0818,,0,0,2,0,0,0,12,0,1,0,1,0,0,0,residential,yes,3,service,49.23076923076923,2,2
18,8896.0,44.96265,9.90435,CCS2_400,4.0,2,0.0,4.0,420.3246828752643,"POLYGON ((9.898002117477107 44.95812814133521, 9.898002117477107 44.967171858664784, 9.910697882522895 44.967171858664784, 9.910697882522895 44.95812814133521, 9.898002117477107 44.95812814133521))",2,1,55.266502999999986,,0,0,2,0,0,0,2,0,0,0,0,0,0,1,Other,yes,2,service,66.89655172413794,4,3
19,8897.0,44.96261,9.90443,CCS2_400,4.0,2,250000.0,4.0,444.4311507936508,"POLYGON ((9.898082121902986 44.95808814133521, 9.898082121902986 44.967131858664786, 9.910777878097013 44.967131858664786, 9.910777878097013 44.95808814133521, 9.898082121902986 44.95808814133521))",2,1,55.266502999999986,,0,0,2,0,0,0,2,0,0,0,0,0,0,1,Other,yes,2,service,66.89655172413794,4,3
20,8932.0,45.07489,8.50897,CCS2_400,4.0,2,0.0,4.0,423.4661904761905,"POLYGON ((8.502609661882534 45.070368141335216, 8.502609661882534 45.07941185866479, 8.515330338117465 45.07941185866479, 8.515330338117465 45.070368141335216, 8.502609661882534 45.070368141335216))",2,1,9.647091999999999,,0,0,1,0,0,0,8,0,0,0,0,0,0,0,Other,yes,3,service,50.588235294117645,0,0
21,8933.0,45.07462,8.51099,CCS2_400,4.0,2,0.0,4.0,467.30868055555555,"POLYGON ((8.504629691933165 45.070098141335215, 8.504629691933165 45.07914185866479, 8.517350308066835 45.07914185866479, 8.517350308066835 45.070098141335215, 8.504629691933165 45.070098141335215))",2,1,14.328769,,0,0,1,0,0,0,8,0,0,0,0,0,0,0,Other,yes,3,service,50.588235294117645,0,0
22,8934.0,45.07469,8.51101,CCS2_400,1.0,1,100000.0,4.0,431.479435483871,"POLYGON ((8.5046496841423 45.07016814133521, 8.5046496841423 45.079211858664785, 8.5173703158577 45.079211858664785, 8.5173703158577 45.07016814133521, 8.5046496841423 45.07016814133521))",2,1,14.328769,,0,0,1,0,0,0,8,0,0,0,0,0,0,0,Other,yes,3,service,50.588235294117645,0,0
23,8935.0,45.0749,8.50907,CCS2_400,1.0,1,0.0,4.0,437.26666666666665,"POLYGON ((8.50270966076954 45.07037814133521, 8.50270966076954 45.07942185866479, 8.515430339230459 45.07942185866479, 8.515430339230459 45.07037814133521, 8.50270966076954 45.07037814133521))",2,1,10.640175,,0,0,1,0,0,0,8,0,0,0,0,0,0,0,Other,yes,3,service,50.588235294117645,0,0
24,8936.0,44.88013,11.56906,CCS2_400,4.0,2,230000.0,4.0,461.70909090909095,"POLYGON ((11.562721228393428 44.87560814133521, 11.562721228393428 44.88465185866479, 11.575398771606572 44.88465185866479, 11.575398771606572 44.87560814133521, 11.562721228393428 44.87560814133521))",2,1,25.109385999999997,,0,0,0,0,0,0,26,0,0,0,0,0,0,2,residential,yes,2,service,130.0,0,0
25,9005.0,42.03136484930663,11.96287806209704,CCS2_400,4.0,2,100000.0,4.0,441.09191176470586,"POLYGON ((11.956831096054936 42.02684299064184, 11.956831096054936 42.035886707971414, 11.968925028139145 42.035886707971414, 11.968925028139145 42.02684299064184, 11.956831096054936 42.02684299064184))",1,1,0.0,,0,0,1,0,0,0,3,0,0,0,0,0,0,0,Other,yes,1,service,130.0,0,0
26,9006.0,44.88008,11.56906,CCS2_400,4.0,2,0.0,4.0,415.9838345864662,"POLYGON ((11.562721233901945 44.87555814133521, 11.562721233901945 44.88460185866479, 11.575398766098056 44.88460185866479, 11.575398766098056 44.87555814133521, 11.562721233901945 44.87555814133521))",2,1,25.109385999999997,,0,0,0,0,0,0,26,0,0,0,0,0,0,2,residential,yes,2,service,130.0,0,0
27,9007.0,40.92538,14.7831,CCS2_400,4.0,2,100000.0,4.0,425.3579545454545,"POLYGON ((14.77715535516287 40.92085814133521, 14.77715535516287 40.929901858664785, 14.789044644837128 40.929901858664785, 14.789044644837128 40.92085814133521, 14.77715535516287 40.92085814133521))",2,1,4500.0636190000005,,2,0,3,1,0,0,6,0,2,0,4,0,0,3,Other,yes,2,residential,80.0,102,214
28,9008.0,45.57416179644078,9.392527994720972,CCS2_400,4.0,2,0.0,4.0,460.82124999999996,"POLYGON ((9.38611135312961 45.56963993777599, 9.38611135312961 45.578683655105564, 9.398944636312333 45.578683655105564, 9.398944636312333 45.56963993777599, 9.38611135312961 45.56963993777599))",1,1,26.629877999999984,,0,0,1,0,0,0,3,0,0,0,2,0,0,0,commercial,yes,2,service,55.45454545454545,4,3
29,9009.0,43.99436,12.61855,CCS2_400,4.0,2,0.0,4.0,430.5135135135135,"POLYGON ((12.612306596017676 43.98983814133521, 12.612306596017676 43.99888185866479, 12.624793403982325 43.99888185866479, 12.624793403982325 43.98983814133521, 12.612306596017676 43.98983814133521))",1,1,1266.079171,,0,0,0,0,0,0,16,0,7,0,0,0,0,0,residential,yes,3,residential,62.10526315789474,73,157
30,9010.0,45.32151,9.37723,CCS2_400,1.0,1,214000.0,4.0,475.84806034482756,"POLYGON ((9.370842034903111 45.316988141335216, 9.370842034903111 45.32603185866479, 9.38361796509689 45.32603185866479, 9.38361796509689 45.316988141335216, 9.370842034903111 45.316988141335216))",1,1,9.684773999999999,,0,0,1,0,0,0,2,0,0,0,0,0,0,1,Other,yes,3,service,130.0,9,16
31,9087.0,42.5483537,14.1012901,CCS2_400,4.0,2,0.0,4.0,448.9629464285714,"POLYGON ((14.095193298494513 42.54383184133521, 14.095193298494513 42.55287555866479, 14.107386901505487 42.55287555866479, 14.107386901505487 42.54383184133521, 14.095193298494513 42.54383184133521))",1,1,486.706725,,0,0,0,0,0,0,3,0,0,0,0,0,0,0,residential,yes,2,track,111.81818181818181,5,10
32,9088.0,42.53072,14.12426,CCS2_400,1.0,1,0.0,4.0,451.67086894586896,"POLYGON ((14.118164920028649 42.526198141335215, 14.118164920028649 42.53524185866479, 14.13035507997135 42.53524185866479, 14.13035507997135 42.526198141335215, 14.118164920028649 42.526198141335215))",2,1,479.315129,,0,0,2,0,0,0,15,0,0,0,16,0,0,0,residential,yes,2,service,63.673469387755105,16,34
33,9218.0,43.62697,13.33526,CCS2_400,4.0,2,0.0,4.0,480.12777777777774,"POLYGON ((13.32905488366983 43.62244814133521, 13.32905488366983 43.63149185866479, 13.34146511633017 43.63149185866479, 13.34146511633017 43.62244814133521, 13.32905488366983 43.62244814133521))",1,1,54.967023,,0,0,2,0,0,0,9,0,0,0,0,0,0,0,Other,yes,1,service,61.81818181818182,24,37
34,9219.0,43.62697,13.33516,CCS2_400,1.0,1,0.0,4.0,443.4708823529412,"POLYGON ((13.32895488366983 43.62244814133521, 13.32895488366983 43.63149185866479, 13.34136511633017 43.63149185866479, 13.34136511633017 43.62244814133521, 13.32895488366983 43.62244814133521))",1,1,57.842938,,0,0,2,0,0,0,9,0,0,0,0,0,0,0,Other,yes,1,service,61.81818181818182,24,37
35,9262.0,40.92542,14.78317,CCS2_400,4.0,2,0.0,4.0,467.24369747899163,"POLYGON ((14.77722535156468 40.920898141335215, 14.77722535156468 40.92994185866479, 14.789114648435321 40.92994185866479, 14.789114648435321 40.920898141335215, 14.77722535156468 40.920898141335215))",2,1,4500.0636190000005,,1,0,3,1,0,0,6,0,2,0,4,0,0,3,Other,yes,2,residential,80.0,100,210
36,9264.0,43.99432,12.61851,CCS2_400,4.0,2,0.0,4.0,462.1458041958042,"POLYGON ((12.612266600226008 43.989798141335214, 12.612266600226008 43.99884185866479, 12.624753399773994 43.99884185866479, 12.624753399773994 43.989798141335214, 12.612266600226008 43.989798141335214))",1,1,1266.079171,,0,0,0,0,0,0,16,0,7,0,0,0,0,0,residential,yes,3,residential,62.10526315789474,73,157
37,9466.0,43.65052,11.46448,CCS2_400,4.0,2,230000.0,4.0,438.90550595238096,"POLYGON ((11.458272451133737 43.64599814133521, 11.458272451133737 43.65504185866479, 11.470687548866263 43.65504185866479, 11.470687548866263 43.64599814133521, 11.458272451133737 43.64599814133521))",2,1,296.330718,,0,0,1,0,0,0,3,0,0,0,0,0,0,0,residential,yes,2,service,80.0,21,34
38,9725.0,44.28767509785708,8.441156121269197,CCS2_400,4.0,2,250000.0,4.0,409.0602083333333,"POLYGON ((8.434881622297059 44.283153239192295, 8.434881622297059 44.29219695652187, 8.447430620241335 44.29219695652187, 8.447430620241335 44.283153239192295, 8.434881622297059 44.283153239192295))",1,1,2047.446278,,0,0,3,3,1,0,10,0,1,0,0,0,0,0,commercial,yes,2,motorway_link,54.38356164383562,68,108
39,9726.0,42.03137331652554,11.962792231411816,CCS2_400,4.0,2,326000.0,4.0,467.479020979021,"POLYGON ((11.956745264564201 42.02685145786075, 11.956745264564201 42.035895175190326, 11.968839198259431 42.035895175190326, 11.968839198259431 42.02685145786075, 11.956745264564201 42.02685145786075))",1,1,0.0,,0,0,1,0,0,0,3,0,0,0,0,0,0,0,Other,yes,1,service,130.0,0,0
40,9729.0,43.81879153258581,11.17229195985093,CCS2_400,4.0,2,126000.0,4.0,392.52722222222224,"POLYGON ((11.166066943492613 43.814269673921025, 11.166066943492613 43.8233133912506, 11.178516976209249 43.8233133912506, 11.178516976209249 43.814269673921025, 11.166066943492613 43.814269673921025))",1,1,21.644404999999995,,0,0,0,0,0,0,12,0,1,0,0,0,0,0,commercial,yes,2,service,89.0909090909091,3,3
41,9817.0,43.83179219080415,11.16010001834332,CCS2_400,4.0,2,0.0,4.0,457.65641025641025,"POLYGON ((11.153873646117528 43.82727033213936, 11.153873646117528 43.83631404946894, 11.166326390569111 43.83631404946894, 11.166326390569111 43.82727033213936, 11.153873646117528 43.82727033213936))",1,1,107.43265199999999,,0,0,0,1,0,0,10,0,0,0,0,0,0,1,residential,yes,1,service,62.10526315789474,8,7
42,9834.0,44.96291787090095,9.906272294036722,CCS2_400,1.0,1,214000.0,4.0,470.0460784313725,"POLYGON ((9.899924381874483 44.958396012236165, 9.899924381874483 44.96743972956574, 9.91262020619896 44.96743972956574, 9.91262020619896 44.958396012236165, 9.899924381874483 44.958396012236165))",2,1,47.81271799999999,,0,0,2,0,0,0,2,0,0,0,0,0,0,1,Other,yes,2,service,65.45454545454545,3,2
43,9835.0,45.5738853,9.392549,CCS2_400,4.0,2,0.0,4.0,424.3016042780749,"POLYGON ((9.386132390000578 45.56936344133521, 9.386132390000578 45.57840715866479, 9.398965609999424 45.57840715866479, 9.398965609999424 45.56936344133521, 9.386132390000578 45.56936344133521))",1,1,48.46006999999998,,0,0,1,0,0,0,3,0,0,0,2,0,0,0,commercial,yes,2,service,56.4,4,3
44,9836.0,45.60832003095096,12.297277564364082,CCS2_400,1.0,1,0.0,4.0,503.6098484848485,"POLYGON ((12.290857016375083 45.603798172286176, 12.290857016375083 45.61284188961575, 12.30369811235308 45.61284188961575, 12.30369811235308 45.603798172286176, 12.290857016375083 45.603798172286176))",2,1,55.72388599999999,,0,0,2,0,0,0,14,0,1,0,0,0,0,2,residential,yes,3,service,70.0,4,3
45,9837.0,44.87931,11.57073,CCS2_400,1.0,1,0.0,4.0,507.5333333333333,"POLYGON ((11.56439131873129 44.87478814133521, 11.56439131873129 44.883831858664784, 11.577068681268708 44.883831858664784, 11.577068681268708 44.87478814133521, 11.56439131873129 44.87478814133521))",2,1,24.975959999999997,,0,0,0,0,0,0,26,0,0,0,0,0,0,2,Other,yes,2,service,130.0,0,0
46,9838.0,45.729051,9.028446,CCS2_400,1.0,1,0.0,4.0,456.3409090909091,"POLYGON ((9.022011588445116 45.72452914133521, 9.022011588445116 45.733572858664786, 9.034880411554886 45.733572858664786, 9.034880411554886 45.72452914133521, 9.022011588445116 45.72452914133521))",2,1,1148.073166,,0,0,2,0,0,0,17,0,0,0,1,0,0,2,residential,yes,2,residential,64.21052631578948,22,39
47,9839.0,45.7293,9.02912,CCS2_400,4.0,2,129000.0,4.0,450.34570828331334,"POLYGON ((9.022685559760978 45.724778141335214, 9.022685559760978 45.73382185866479, 9.035554440239023 45.73382185866479, 9.035554440239023 45.724778141335214, 9.022685559760978 45.724778141335214))",2,1,1186.059555,,0,0,2,0,0,0,17,0,0,0,1,0,0,2,residential,yes,2,service,64.21052631578948,19,33
48,9840.0,43.81879540319122,11.172247703403862,CCS2_400,1.0,1,100000.0,4.0,389.3571428571429,"POLYGON ((11.166022686642005 43.81427354452643, 11.166022686642005 43.823317261856005, 11.178472720165718 43.823317261856005, 11.178472720165718 43.81427354452643, 11.166022686642005 43.81427354452643))",1,1,21.644404999999995,,0,0,0,0,0,0,12,0,1,0,0,0,0,0,commercial,yes,2,service,89.0909090909091,3,3
49,9841.0,45.32147,9.37718,CCS2_400,1.0,1,250000.0,4.0,438.65,"POLYGON ((9.370792039413077 45.31694814133521, 9.370792039413077 45.325991858664786, 9.383567960586921 45.325991858664786, 9.383567960586921 45.31694814133521, 9.370792039413077 45.31694814133521))",1,1,9.684773999999999,,0,0,1,0,0,0,2,0,0,0,0,0,0,1,Other,yes,3,service,130.0,9,16
50,9842.0,45.72983940534127,9.02800875314488,CCS2_400,4.0,2,0.0,4.0,433.95595238095234,"POLYGON ((9.021574250766498 45.72531754667648, 9.021574250766498 45.734361264006054, 9.03444325552326 45.734361264006054, 9.03444325552326 45.72531754667648, 9.021574250766498 45.72531754667648))",2,1,942.432995,,0,0,3,1,0,0,19,0,0,0,1,0,0,2,residential,yes,2,service,55.0,12,19
51,9843.0,45.607714,12.298069,CCS2_400,1.0,1,0.0,4.0,413.66363636363633,"POLYGON ((12.291648521379132 45.603192141335214, 12.291648521379132 45.61223585866479, 12.304489478620868 45.61223585866479, 12.304489478620868 45.603192141335214, 12.291648521379132 45.603192141335214))",2,1,54.58183499999999,,0,0,2,0,0,0,14,0,1,0,0,0,0,2,residential,yes,3,service,70.0,4,3
52,9844.0,45.773998,9.04934,CCS2_400,4.0,2,0.0,4.0,429.5079365079365,"POLYGON ((9.042900404551672 45.76947614133521, 9.042900404551672 45.77851985866479, 9.05577959544833 45.77851985866479, 9.05577959544833 45.76947614133521, 9.042900404551672 45.76947614133521))",1,1,532.908114,,0,0,0,1,0,0,5,0,0,0,0,0,0,2,residential,yes,2,service,72.3076923076923,30,59
53,9918.0,44.28766933773564,8.441119911448869,CCS2_400,1.0,1,0.0,4.0,425.18174665617624,"POLYGON ((8.434845413092033 44.283147479070855, 8.434845413092033 44.29219119640043, 8.447394409805705 44.29219119640043, 8.447394409805705 44.283147479070855, 8.434845413092033 44.283147479070855))",1,1,2049.941994,,0,0,3,3,1,0,10,0,1,0,0,0,0,0,commercial,yes,2,motorway_link,53.888888888888886,69,111
54,9919.0,44.87931,11.57079,CCS2_400,4.0,2,0.0,4.0,441.9142045454546,"POLYGON ((11.564451318731292 44.87478814133521, 11.564451318731292 44.883831858664784, 11.577128681268709 44.883831858664784, 11.577128681268709 44.87478814133521, 11.564451318731292 44.87478814133521))",2,1,24.975959999999997,,0,0,0,0,0,0,26,0,0,0,0,0,0,2,Other,yes,2,service,130.0,0,0
55,9920.0,45.46226590000001,9.2378661,CCS2_400,4.0,2,326000.0,4.0,596.8759090909091,"POLYGON ((9.231462205886215 45.457744041335225, 9.231462205886215 45.4667877586648, 9.244269994113784 45.4667877586648, 9.244269994113784 45.457744041335225, 9.231462205886215 45.457744041335225))",1,1,7766.65312,,4,0,4,2,0,0,11,0,2,0,2,0,0,3,residential,yes,2,footway,40.42253521126761,74,120
56,9921.0,45.76298,8.80962,CCS2_400,1.0,1,0.0,4.0,424.2805429864253,"POLYGON ((8.80318167643513 45.75845814133521, 8.80318167643513 45.76750185866479, 8.81605832356487 45.76750185866479, 8.81605832356487 45.75845814133521, 8.80318167643513 45.75845814133521))",2,1,674.600107,,0,0,1,0,0,0,6,0,0,0,6,0,0,2,residential,yes,2,service,50.0,17,32
57,9922.0,45.4616799,9.2765061,CCS2_400,4.0,2,100000.0,4.0,548.5677450980392,"POLYGON ((9.270102272447327 45.45715804133521, 9.270102272447327 45.46620175866479, 9.282909927552675 45.46620175866479, 9.282909927552675 45.45715804133521, 9.270102272447327 45.45715804133521))",1,1,158.303079,,0,0,4,0,0,0,20,0,2,0,1,0,0,0,residential,yes,2,service,46.808510638297875,39,66
58,9922.0,45.4616799,9.2765061,CCS2_400,4.0,2,100000.0,4.0,548.5677450980392,"POLYGON ((9.270102272447327 45.45715804133521, 9.270102272447327 45.46620175866479, 9.282909927552675 45.46620175866479, 9.282909927552675 45.45715804133521, 9.270102272447327 45.45715804133521))",1,1,158.303079,,0,0,4,0,0,0,20,0,2,0,1,0,0,0,residential,yes,2,service,46.808510638297875,39,66
59,9922.0,45.4616799,9.2765061,CCS2_400,4.0,2,100000.0,4.0,548.5677450980392,"POLYGON ((9.270102272447327 45.45715804133521, 9.270102272447327 45.46620175866479, 9.282909927552675 45.46620175866479, 9.282909927552675 45.45715804133521, 9.270102272447327 45.45715804133521))",1,1,158.303079,,0,0,4,0,0,0,20,0,2,0,1,0,0,0,residential,yes,2,service,46.808510638297875,39,66
60,10268.0,43.8318004140493,11.160087277850982,CCS2_400,4.0,2,0.0,4.0,444.51082251082255,"POLYGON ((11.153860904767281 43.82727855538451, 11.153860904767281 43.836322272714085, 11.166313650934683 43.836322272714085, 11.166313650934683 43.82727855538451, 11.153860904767281 43.82727855538451))",1,1,107.43265199999999,,0,0,0,1,0,0,10,0,0,0,0,0,0,1,residential,yes,1,service,62.10526315789474,8,7
61,10287.0,43.65052,11.46442,CCS2_400,1.0,1,0.0,4.0,434.1333333333333,"POLYGON ((11.458212451133738 43.64599814133521, 11.458212451133738 43.65504185866479, 11.470627548866263 43.65504185866479, 11.470627548866263 43.64599814133521, 11.458212451133738 43.64599814133521))",2,1,296.330718,,0,0,1,0,0,0,3,0,0,0,0,0,0,0,residential,yes,2,service,80.0,21,34
62,10288.0,45.76237,8.81087,CCS2_400,1.0,1,0.0,4.0,334.7857142857143,"POLYGON ((8.804431746829989 45.75784814133521, 8.804431746829989 45.766891858664785, 8.81730825317001 45.766891858664785, 8.81730825317001 45.75784814133521, 8.804431746829989 45.75784814133521))",2,1,711.03716,,0,0,2,0,0,0,7,0,0,0,5,0,0,2,residential,yes,2,service,45.0,24,45
63,10538.0,41.25078,16.21886,CCS2_400,4.0,2,111700.0,4.0,510.3489583333333,"POLYGON ((16.212885842400173 41.24625814133521, 16.212885842400173 41.25530185866479, 16.224834157599826 41.25530185866479, 16.224834157599826 41.24625814133521, 16.212885842400173 41.24625814133521))",2,1,4.839978,,0,0,0,0,0,0,1,0,0,0,0,0,0,0,Other,yes,2,service,130.0,0,0
64,10539.0,41.918249,15.180058,CCS2_400,4.0,2,0.0,4.0,457.54790209790207,"POLYGON ((15.174021764122932 41.913727141335215, 15.174021764122932 41.92277085866479, 15.18609423587707 41.92277085866479, 15.18609423587707 41.913727141335215, 15.174021764122932 41.913727141335215))",1,1,0.097225,,0,0,0,0,0,0,0,0,0,0,0,0,0,0,other,,2,path,,0,0
65,10540.0,41.90890271028204,15.168512077047428,CCS2_400,4.0,2,326000.0,4.0,559.2674783549783,"POLYGON ((15.162476725004668 41.904380851617255, 15.162476725004668 41.91342456894683, 15.174547429090188 41.91342456894683, 15.174547429090188 41.904380851617255, 15.162476725004668 41.904380851617255))",2,1,31.055431999999996,,0,0,0,0,0,0,11,0,0,0,2,0,0,0,Other,yes,2,service,130.0,3,4
66,10541.0,41.25181,16.2201,CCS2_400,1.0,1,0.0,4.0,431.08289473684215,"POLYGON ((16.214125748210684 41.24728814133521, 16.214125748210684 41.25633185866479, 16.226074251789314 41.25633185866479, 16.226074251789314 41.24728814133521, 16.214125748210684 41.24728814133521))",2,1,4.886698,,0,0,0,0,0,0,1,0,0,0,0,0,0,0,Other,yes,2,service,130.0,0,0
67,10542.0,41.926337,15.131712,CCS2_400,4.0,2,326000.0,4.0,506.5370495495496,"POLYGON ((15.125674998940484 41.92181514133521, 15.125674998940484 41.930858858664784, 15.137749001059516 41.930858858664784, 15.137749001059516 41.92181514133521, 15.125674998940484 41.92181514133521))",1,1,2.485208,,0,0,0,0,0,0,0,0,0,0,0,0,0,0,other,,2,primary,,2,2
68,10543.0,41.90990674284409,15.168792010891588,CCS2_400,1.0,1,0.0,4.0,445.325,"POLYGON ((15.162756563922336 41.905384884179306, 15.162756563922336 41.91442860150888, 15.17482745786084 41.91442860150888, 15.17482745786084 41.905384884179306, 15.162756563922336 41.905384884179306))",2,1,37.353244,,0,0,0,0,0,0,11,0,0,0,2,0,0,0,Other,yes,2,service,130.0,4,6
69,10544.0,40.92668,14.78317,CCS2_400,1.0,1,214000.0,4.0,509.55384615384617,"POLYGON ((14.77722523821795 40.92215814133521, 14.77722523821795 40.931201858664785, 14.78911476178205 40.931201858664785, 14.78911476178205 40.92215814133521, 14.77722523821795 40.92215814133521))",2,1,3210.269488,,1,0,3,0,0,0,6,0,0,0,4,0,0,3,Other,yes,2,residential,80.0,86,175
70,10545.0,45.461887776561866,9.2763829988045,CCS2_400,4.0,2,38750.0,4.0,553.1076086956521,"POLYGON ((9.269979147640296 45.45736591789708, 9.269979147640296 45.466409635226654, 9.282786849968705 45.466409635226654, 9.282786849968705 45.45736591789708, 9.269979147640296 45.45736591789708))",1,1,68.828732,,0,0,4,0,0,0,20,0,2,0,1,0,0,0,residential,yes,2,service,46.93877551020408,40,68
71,10546.0,40.92666,14.78311,CCS2_400,1.0,1,0.0,4.0,470.12782738095234,"POLYGON ((14.777165240017162 40.92213814133521, 14.777165240017162 40.931181858664786, 14.78905475998284 40.931181858664786, 14.78905475998284 40.92213814133521, 14.777165240017162 40.92213814133521))",2,1,3210.269488,,1,0,3,0,0,0,6,0,0,0,4,0,0,3,Other,yes,2,residential,80.0,86,175
72,10547.0,42.531719172262456,14.12450694544286,CCS2_400,1.0,1,230000.0,4.0,460.2095238095238,"POLYGON ((14.118411767966226 42.52719731359767, 14.118411767966226 42.53624103092724, 14.130602122919495 42.53624103092724, 14.130602122919495 42.52719731359767, 14.118411767966226 42.52719731359767))",2,1,523.306554,,0,0,2,0,0,0,16,0,0,0,17,0,0,1,residential,yes,2,service,63.4,16,34
73,10548.0,42.53174922101295,14.124406425212973,CCS2_400,1.0,1,100000.0,4.0,426.0002976190476,"POLYGON ((14.118311244803923 42.527227362348164, 14.118311244803923 42.53627107967774, 14.130501605622023 42.53627107967774, 14.130501605622023 42.527227362348164, 14.118311244803923 42.527227362348164))",2,1,545.948165,,0,0,2,0,0,0,15,0,0,0,17,0,0,1,residential,yes,2,service,63.4,16,34
74,10549.0,43.58300139576382,11.522125002221816,CCS2_400,4.0,2,0.0,4.0,461.10543981481476,"POLYGON ((11.515924419613757 43.578479537099035, 11.515924419613757 43.58752325442861, 11.528325584829876 43.58752325442861, 11.528325584829876 43.578479537099035, 11.515924419613757 43.578479537099035))",1,1,18.885931,,0,0,0,0,0,0,7,0,0,0,0,0,0,0,Other,yes,2,service,76.0,0,0
75,10550.0,41.25181,16.22019,CCS2_400,1.0,1,0.0,4.0,438.37874999999997,"POLYGON ((16.214215748210684 41.24728814133521, 16.214215748210684 41.25633185866479, 16.226164251789314 41.25633185866479, 16.226164251789314 41.24728814133521, 16.214215748210684 41.24728814133521))",2,1,4.886698,,0,0,0,0,0,0,1,0,0,0,0,0,0,0,Other,yes,2,service,130.0,0,0
76,10551.0,41.25075,16.21894,CCS2_400,1.0,1,326000.0,4.0,487.80809523809523,"POLYGON ((16.212965845143483 41.24622814133521, 16.212965845143483 41.255271858664784, 16.224914154856517 41.255271858664784, 16.224914154856517 41.24622814133521, 16.212965845143483 41.24622814133521))",2,1,4.963284,,0,0,0,0,0,0,1,0,0,0,0,0,0,0,Other,yes,2,service,130.0,0,0
77,10582.0,43.58292202603713,11.522620177756425,CCS2_400,1.0,1,214000.0,4.0,441.5525,"POLYGON ((11.5164196033231 43.578400167372344, 11.5164196033231 43.58744388470192, 11.528820752189748 43.58744388470192, 11.528820752189748 43.578400167372344, 11.5164196033231 43.578400167372344))",1,1,18.372031999999997,,0,0,0,0,0,0,7,0,0,0,0,0,0,0,Other,yes,2,service,76.0,0,0
78,10583.0,45.76241,8.81087,CCS2_400,1.0,1,326000.0,4.0,473.2962962962963,"POLYGON ((8.804431742214001 45.757888141335215, 8.804431742214001 45.76693185866479, 8.817308257785998 45.76693185866479, 8.817308257785998 45.757888141335215, 8.804431742214001 45.757888141335215))",2,1,711.03716,,0,0,2,0,0,0,7,0,0,0,5,0,0,2,residential,yes,2,service,46.666666666666664,26,49
79,10584.0,45.76292,8.80962,CCS2_400,1.0,1,0.0,4.0,513.4701357466063,"POLYGON ((8.803181683359316 45.75839814133521, 8.803181683359316 45.76744185866479, 8.816058316640685 45.76744185866479, 8.816058316640685 45.75839814133521, 8.803181683359316 45.75839814133521))",2,1,674.600107,,0,0,1,0,0,0,6,0,0,0,6,0,0,2,residential,yes,2,service,50.0,19,35
80,11427.0,44.39338,9.04665,CCS2_400,4.0,2,129000.0,4.0,457.9143527204502,"POLYGON ((9.040364178457367 44.38885814133521, 9.040364178457367 44.39790185866479, 9.052935821542633 44.39790185866479, 9.052935821542633 44.38885814133521, 9.040364178457367 44.38885814133521))",2,1,41.208769,,0,0,0,0,0,0,3,0,0,0,0,0,0,0,Other,yes,2,path,72.3076923076923,2,2
81,11457.0,45.5322914,10.1514359,CCS2_400,4.0,2,0.0,4.0,410.4929956896552,"POLYGON ((10.145024037196839 45.52776954133521, 10.145024037196839 45.536813258664786, 10.15784776280316 45.536813258664786, 10.15784776280316 45.52776954133521, 10.145024037196839 45.52776954133521))",5,1,2095.796492,,2,0,2,1,2,0,37,0,22,0,1,0,0,2,residential,yes,1,service,123.84615384615384,70,145
82,12613.0,45.53250080821757,10.148404368913836,CCS2_400,1.0,1,0.0,4.0,481.111,"POLYGON ((10.141992482236546 45.52797894955278, 10.141992482236546 45.53702266688236, 10.154816255591125 45.53702266688236, 10.154816255591125 45.52797894955278, 10.141992482236546 45.52797894955278))",5,1,2252.6600350000003,,2,0,3,1,2,0,33,0,20,0,1,0,0,2,residential,yes,1,service,91.36363636363636,92,189
83,12614.0,44.39339,9.0467,CCS2_400,4.0,2,0.0,4.0,385.20086206896553,"POLYGON ((9.040414177383271 44.38886814133521, 9.040414177383271 44.397911858664784, 9.052985822616728 44.397911858664784, 9.052985822616728 44.38886814133521, 9.040414177383271 44.38886814133521))",2,1,41.208769,,0,0,0,0,0,0,3,0,0,0,0,0,0,0,Other,yes,2,path,72.3076923076923,2,2
84,12615.0,45.4616799,9.2765061,CCS2_400,1.0,1,250000.0,4.0,533.3057503506311,"POLYGON ((9.270102272447327 45.45715804133521, 9.270102272447327 45.46620175866479, 9.282909927552675 45.46620175866479, 9.282909927552675 45.45715804133521, 9.270102272447327 45.45715804133521))",1,1,158.303079,,0,0,4,0,0,0,20,0,2,0,1,0,0,0,residential,yes,2,service,46.808510638297875,39,66
85,12615.0,45.4616799,9.2765061,CCS2_400,1.0,1,250000.0,4.0,533.3057503506311,"POLYGON ((9.270102272447327 45.45715804133521, 9.270102272447327 45.46620175866479, 9.282909927552675 45.46620175866479, 9.282909927552675 45.45715804133521, 9.270102272447327 45.45715804133521))",1,1,158.303079,,0,0,4,0,0,0,20,0,2,0,1,0,0,0,residential,yes,2,service,46.808510638297875,39,66
86,12615.0,45.4616799,9.2765061,CCS2_400,1.0,1,250000.0,4.0,533.3057503506311,"POLYGON ((9.270102272447327 45.45715804133521, 9.270102272447327 45.46620175866479, 9.282909927552675 45.46620175866479, 9.282909927552675 45.45715804133521, 9.270102272447327 45.45715804133521))",1,1,158.303079,,0,0,4,0,0,0,20,0,2,0,1,0,0,0,residential,yes,2,service,46.808510638297875,39,66
87,12616.0,45.4616799,9.2765061,CCS2_400,4.0,2,214000.0,4.0,498.6264255319149,"POLYGON ((9.270102272447327 45.45715804133521, 9.270102272447327 45.46620175866479, 9.282909927552675 45.46620175866479, 9.282909927552675 45.45715804133521, 9.270102272447327 45.45715804133521))",1,1,158.303079,,0,0,4,0,0,0,20,0,2,0,1,0,0,0,residential,yes,2,service,46.808510638297875,39,66
88,12616.0,45.4616799,9.2765061,CCS2_400,4.0,2,214000.0,4.0,498.6264255319149,"POLYGON ((9.270102272447327 45.45715804133521, 9.270102272447327 45.46620175866479, 9.282909927552675 45.46620175866479, 9.282909927552675 45.45715804133521, 9.270102272447327 45.45715804133521))",1,1,158.303079,,0,0,4,0,0,0,20,0,2,0,1,0,0,0,residential,yes,2,service,46.808510638297875,39,66
89,12616.0,45.4616799,9.2765061,CCS2_400,4.0,2,214000.0,4.0,498.6264255319149,"POLYGON ((9.270102272447327 45.45715804133521, 9.270102272447327 45.46620175866479, 9.282909927552675 45.46620175866479, 9.282909927552675 45.45715804133521, 9.270102272447327 45.45715804133521))",1,1,158.303079,,0,0,4,0,0,0,20,0,2,0,1,0,0,0,residential,yes,2,service,46.808510638297875,39,66
90,12617.0,45.53245626526257,10.148463121581308,CCS2_400,4.0,2,0.0,4.0,472.18903840762545,"POLYGON ((10.142051239982276 45.52793440659778, 10.142051239982276 45.536978123927355, 10.15487500318034 45.536978123927355, 10.15487500318034 45.52793440659778, 10.142051239982276 45.52793440659778))",5,1,2279.454387,,2,0,3,1,2,0,33,0,20,0,1,0,0,2,residential,yes,1,service,91.36363636363636,97,197
91,12618.0,45.53256573064744,10.151177887472564,CCS2_400,1.0,1,0.0,4.0,433.01540162122325,"POLYGON ((10.144765993393568 45.52804387198265, 10.144765993393568 45.53708758931223, 10.15758978155156 45.53708758931223, 10.15758978155156 45.52804387198265, 10.144765993393568 45.52804387198265))",5,1,1922.8401350000001,,0,0,2,1,2,0,34,0,21,0,1,0,0,2,residential,yes,1,service,123.84615384615384,55,120
92,12619.0,44.4277929435558,11.59927773004565,CCS2_400,4.0,2,0.0,4.0,442.715466709143,"POLYGON ((11.592988208917669 44.42327108489101, 11.592988208917669 44.43231480222059, 11.60556725117363 44.43231480222059, 11.60556725117363 44.42327108489101, 11.592988208917669 44.42327108489101))",2,1,22.74888,,0,0,3,0,0,0,23,0,0,0,2,0,0,0,commercial,yes,1,service,48.03921568627451,18,26
93,13416.0,41.064709,15.314145,CCS2_400,4.0,2,100000.0,4.0,524.4348484848485,"POLYGON ((15.30818777774782 41.06018714133521, 15.30818777774782 41.06923085866479, 15.32010222225218 41.06923085866479, 15.32010222225218 41.06018714133521, 15.30818777774782 41.06018714133521))",1,1,18.2775,,0,0,2,0,0,0,0,0,0,0,0,0,0,0,Other,yes,2,service,80.0,0,0
94,13417.0,41.06467591621623,15.314206038647178,CCS2_400,4.0,2,230000.0,4.0,470.0,"POLYGON ((15.308248819392018 41.06015405755144, 15.308248819392018 41.06919777488102, 15.320163257902339 41.06919777488102, 15.320163257902339 41.06015405755144, 15.308248819392018 41.06015405755144))",1,1,18.036192,,0,0,2,0,0,0,0,0,0,0,0,0,0,0,Other,yes,2,service,80.0,0,0
95,13418.0,43.07510245885713,13.842822845673412,CCS2_400,4.0,2,0.0,4.0,446.65385714285713,"POLYGON ((13.836673896676125 43.07058060019234, 13.836673896676125 43.07962431752192, 13.8489717946707 43.07962431752192, 13.8489717946707 43.07058060019234, 13.836673896676125 43.07058060019234))",1,1,179.581177,,0,0,5,0,0,0,11,0,0,0,0,0,0,0,Other,yes,1,service,55.88235294117647,11,24
96,13419.0,41.066562,15.3155346,CCS2_400,1.0,1,326000.0,4.0,446.9819444444445,"POLYGON ((15.30957720987886 41.06204014133521, 15.30957720987886 41.071083858664785, 15.321491990121139 41.071083858664785, 15.321491990121139 41.06204014133521, 15.30957720987886 41.06204014133521))",1,1,2.7348239999999997,,0,0,2,0,0,0,0,0,0,0,0,0,0,0,Other,yes,2,service,80.0,0,0
97,13420.0,45.676823,12.172375,CCS2_400,4.0,2,0.0,4.0,466.62142857142857,"POLYGON ((12.165946596642994 45.67230114133521, 12.165946596642994 45.68134485866479, 12.178803403357007 45.68134485866479, 12.178803403357007 45.67230114133521, 12.165946596642994 45.67230114133521))",1,1,1892.965992,,1,0,1,0,0,0,2,0,2,0,0,0,0,0,residential,no,2,residential,46.0,32,66
98,13421.0,41.06670928675303,15.315971667173134,CCS2_400,4.0,2,207000.0,4.0,442.89510489510485,"POLYGON ((15.310014263708162 41.062187428088244, 15.310014263708162 41.07123114541782, 15.321929070638106 41.07123114541782, 15.321929070638106 41.062187428088244, 15.310014263708162 41.062187428088244))",1,1,2.7348239999999997,,0,0,2,0,0,0,0,0,0,0,0,0,0,0,Other,yes,2,service,80.0,0,0
99,13422.0,43.071302,13.844789,CCS2_400,1.0,1,0.0,4.0,502.22094017094014,"POLYGON ((13.838640432304668 43.066780141335215, 13.838640432304668 43.07582385866479, 13.850937567695333 43.07582385866479, 13.850937567695333 43.066780141335215, 13.838640432304668 43.066780141335215))",1,1,85.79773799999998,,0,0,5,0,0,0,9,0,0,0,0,0,0,0,Other,yes,2,service,58.0,6,12
100,13423.0,44.428383,11.599576,CCS2_400,1.0,1,214000.0,4.0,468.2305039787798,"POLYGON ((11.593286415379863 44.42386114133521, 11.593286415379863 44.432904858664784, 11.605865584620139 44.432904858664784, 11.605865584620139 44.42386114133521, 11.593286415379863 44.42386114133521))",2,1,22.478534999999997,,0,0,3,0,0,0,23,0,0,0,2,0,0,0,commercial,yes,1,service,47.88461538461539,22,32
101,13424.0,44.428896,11.6002905,CCS2_400,1.0,1,326000.0,4.0,453.9669534050179,"POLYGON ((11.594000860177665 44.424374141335214, 11.594000860177665 44.43341785866479, 11.606580139822334 44.43341785866479, 11.606580139822334 44.424374141335214, 11.594000860177665 44.424374141335214))",2,1,18.304591,,0,0,3,0,0,0,24,0,0,0,2,0,0,0,commercial,yes,1,service,48.03921568627451,18,27
102,13426.0,43.084033,13.844127,CCS2_400,1.0,1,214000.0,4.0,474.3883333333333,"POLYGON ((13.837977154704339 43.07951114133521, 13.837977154704339 43.088554858664786, 13.850276845295662 43.088554858664786, 13.850276845295662 43.07951114133521, 13.837977154704339 43.07951114133521))",1,1,63.320944,,0,0,0,0,0,0,1,0,0,0,0,0,0,0,Other,yes,2,motorway,120.0,12,22
103,13441.0,44.96296017659537,9.906183880356323,CCS2_400,1.0,1,0.0,4.0,431.4365769835035,"POLYGON ((9.899835963513011 44.95843831793058, 9.899835963513011 44.967482035260154, 9.912531797199636 44.967482035260154, 9.912531797199636 44.95843831793058, 9.899835963513011 44.95843831793058))",2,1,49.29848899999999,,0,0,2,0,0,0,2,0,0,0,0,0,0,1,Other,yes,2,service,66.25,3,2
104,13442.0,41.8914925,12.7594371,CCS2_400,1.0,1,0.0,4.0,428.65497737556564,"POLYGON ((12.753403393240346 41.88697064133521, 12.753403393240346 41.896014358664786, 12.765470806759653 41.896014358664786, 12.765470806759653 41.88697064133521, 12.753403393240346 41.88697064133521))",1,1,51.55054399999999,,0,0,0,0,0,0,42,0,0,0,0,0,0,0,Other,yes,3,service,130.0,0,0
105,13443.0,44.393273,9.046552,CCS2_400,4.0,2,0.0,4.0,461.4533068783069,"POLYGON ((9.040266189950147 44.38875114133521, 9.040266189950147 44.39779485866479, 9.052837810049853 44.39779485866479, 9.052837810049853 44.38875114133521, 9.040266189950147 44.38875114133521))",2,1,41.099379,,0,0,0,0,0,0,3,0,0,0,0,0,0,0,Other,yes,2,path,72.3076923076923,2,2
106,13444.0,44.39232885796939,9.045140638956768,CCS2_400,4.0,2,230000.0,4.0,448.06571920757966,"POLYGON ((9.038854930313645 44.3878069993046, 9.038854930313645 44.39685071663418, 9.051426347599891 44.39685071663418, 9.051426347599891 44.3878069993046, 9.038854930313645 44.3878069993046))",2,1,112.069688,,0,0,0,1,0,0,3,0,0,0,0,0,0,0,Other,yes,2,path,72.5,2,2
107,13445.0,41.88976488263891,12.758369210890834,CCS2_400,1.0,1,150000.0,4.0,440.1159090909091,"POLYGON ((12.752335667313528 41.88524302397412, 12.752335667313528 41.894286741303695, 12.76440275446814 41.894286741303695, 12.76440275446814 41.88524302397412, 12.752335667313528 41.88524302397412))",1,1,46.831127999999985,,0,0,0,0,0,0,42,0,0,0,0,0,0,0,Other,yes,3,service,130.0,0,0
108,13446.0,45.14231059784972,9.632817601064309,CCS2_400,1.0,1,0.0,4.0,393.38619047619045,"POLYGON ((9.626449745798125 45.137788739184934, 9.626449745798125 45.14683245651451, 9.639185456330493 45.14683245651451, 9.639185456330493 45.137788739184934, 9.626449745798125 45.137788739184934))",1,1,702.513778,,0,0,3,1,0,0,25,0,0,0,7,0,0,0,residential,yes,3,service,130.0,27,49
109,13447.0,41.9025,12.752471,CCS2_400,1.0,1,0.0,4.0,469.8625,"POLYGON ((12.74643625318915 41.897978141335216, 12.74643625318915 41.90702185866479, 12.75850574681085 41.90702185866479, 12.75850574681085 41.897978141335216, 12.74643625318915 41.897978141335216))",1,1,0.0,,0,0,0,0,0,0,0,0,0,0,0,0,0,0,other,yes,3,motorway,130.0,0,0
110,13448.0,41.89188154748638,12.758657253033844,CCS2_400,1.0,1,0.0,4.0,472.2337837837838,"POLYGON ((12.752623509524678 41.88735968882159, 12.752623509524678 41.896403406151165, 12.76469099654301 41.896403406151165, 12.76469099654301 41.88735968882159, 12.752623509524678 41.88735968882159))",1,1,48.64628799999999,,0,0,0,0,0,0,42,0,0,0,0,0,0,0,Other,yes,3,service,130.0,0,0
111,16933.0,44.589635,8.664777,CCS2_400,4.0,2,207000.0,4.0,410.73253532182105,"POLYGON ((8.658469990803221 44.58511314133521, 8.658469990803221 44.59415685866479, 8.67108400919678 44.59415685866479, 8.67108400919678 44.58511314133521, 8.658469990803221 44.58511314133521))",1,1,26.17066399999999,,0,0,2,0,0,0,6,0,0,0,0,0,0,0,other,yes,2,service,58.666666666666664,0,0
112,16934.0,44.116922,12.409015,CCS2_400,1.0,1,0.0,4.0,432.8073591549296,"POLYGON ((12.402758660445262 44.112400141335215, 12.402758660445262 44.12144385866479, 12.415271339554739 44.12144385866479, 12.415271339554739 44.112400141335215, 12.402758660445262 44.112400141335215))",3,1,618.475783,,1,0,1,0,0,0,9,0,1,0,0,0,0,0,residential,yes,2,service,130.0,25,52
113,16935.0,45.0420310709263,11.709231256806136,CCS2_400,1.0,1,0.0,4.0,439.5368055555556,"POLYGON ((11.70287457272167 45.03750921226151, 11.70287457272167 45.04655292959109, 11.715587940890602 45.04655292959109, 11.715587940890602 45.03750921226151, 11.70287457272167 45.03750921226151))",2,1,4.867235999999995,,0,0,0,0,0,0,8,0,0,0,0,0,0,0,Other,yes,1,service,106.66666666666667,4,3
114,16937.0,43.395714,11.760434,CCS2_400,4.0,2,250000.0,4.0,473.0146153846154,"POLYGON ((11.754252614439102 43.39119214133521, 11.754252614439102 43.400235858664786, 11.766615385560899 43.400235858664786, 11.766615385560899 43.39119214133521, 11.754252614439102 43.39119214133521))",1,1,37.756509,,0,0,0,0,0,0,0,0,0,0,0,0,0,0,residential,yes,2,motorway,130.0,0,0
115,16938.0,43.40804784777996,11.763220279967504,CCS2_400,1.0,1,326000.0,4.0,464.2257142857143,"POLYGON ((11.75703763586854 43.403525989115174, 11.75703763586854 43.41256970644475, 11.769402924066467 43.41256970644475, 11.769402924066467 43.403525989115174, 11.75703763586854 43.403525989115174))",1,1,403.639815,,3,0,2,3,0,0,7,1,0,0,1,0,0,1,residential,yes,2,service,66.25,59,138
116,16939.0,44.874039,8.833501,CCS2_400,4.0,2,230000.0,4.0,429.2700466200466,"POLYGON ((8.827162899335018 44.869517141335216, 8.827162899335018 44.87856085866479, 8.839839100664982 44.87856085866479, 8.839839100664982 44.869517141335216, 8.827162899335018 44.869517141335216))",1,1,29.212483,,0,0,0,0,0,0,0,0,0,0,0,0,0,0,residential,yes,2,track,130.0,11,16
117,16940.0,44.62256010204987,11.419845077178076,CCS2_400,1.0,1,326000.0,4.0,507.2671052631579,"POLYGON ((11.413534492130205 44.61803824338508, 11.413534492130205 44.627081960714655, 11.426155662225947 44.627081960714655, 11.426155662225947 44.61803824338508, 11.413534492130205 44.61803824338508))",1,1,34.72636899999994,,0,0,0,0,0,0,30,0,3,0,0,0,0,0,commercial,yes,2,service,112.85714285714286,15,35
118,16941.0,45.14290767128583,9.634451384519403,CCS2_400,1.0,1,0.0,4.0,425.55184989429176,"POLYGON ((9.628083462562946 45.138385812621046, 9.628083462562946 45.14742952995062, 9.64081930647586 45.14742952995062, 9.64081930647586 45.138385812621046, 9.628083462562946 45.138385812621046))",1,1,1741.53648,,1,0,3,1,0,1,32,0,0,0,7,0,0,0,residential,yes,2,service,130.0,37,73
119,16941.0,45.14290767128583,9.634451384519403,CCS2_400,1.0,1,0.0,4.0,425.55184989429176,"POLYGON ((9.628083462562946 45.138385812621046, 9.628083462562946 45.14742952995062, 9.64081930647586 45.14742952995062, 9.64081930647586 45.138385812621046, 9.628083462562946 45.138385812621046))",1,1,1741.53648,,1,0,3,1,0,1,32,0,0,0,7,0,0,0,residential,yes,2,service,130.0,37,73
120,16942.0,44.1169093728499,12.408989135006673,CCS2_400,4.0,2,130000.0,4.0,458.4913020833333,"POLYGON ((12.402732796788879 44.112387514185116, 12.402732796788879 44.12143123151469, 12.415245473224466 44.12143123151469, 12.415245473224466 44.112387514185116, 12.402732796788879 44.112387514185116))",3,1,618.475783,,1,0,1,0,0,0,10,0,1,0,0,0,0,0,residential,yes,2,service,130.0,25,52
121,16943.0,44.6216434,11.4203974,CCS2_400,1.0,1,214000.0,4.0,460.3833333333333,"POLYGON ((11.414086914594204 44.617121541335216, 11.414086914594204 44.62616525866479, 11.426707885405797 44.62616525866479, 11.426707885405797 44.617121541335216, 11.414086914594204 44.617121541335216))",1,1,34.21012199999995,,0,0,0,0,0,0,30,0,3,0,0,0,0,0,commercial,yes,2,service,121.42857142857143,17,41
122,16944.0,44.6763717,8.6581214,CCS2_400,1.0,1,0.0,4.0,413.9976960784314,"POLYGON ((8.651804957479287 44.67184984133521, 8.651804957479287 44.680893558664785, 8.664437842520714 44.680893558664785, 8.664437842520714 44.67184984133521, 8.651804957479287 44.67184984133521))",1,1,206.09427599999998,,0,0,0,0,0,0,3,0,0,0,0,0,0,0,residential,yes,3,service,112.0,16,30
123,16945.0,41.105972,16.692888,CCS2_400,1.0,1,326000.0,4.0,547.3809523809523,"POLYGON ((16.686927035887265 41.101450141335214, 16.686927035887265 41.11049385866479, 16.698848964112734 41.11049385866479, 16.698848964112734 41.101450141335214, 16.686927035887265 41.101450141335214))",1,1,13614.304154,,2,0,14,24,1,1,5,1,1,0,0,0,1,0,residential,yes,1,residential,50.0,221,412
124,16946.0,44.59141,8.665706,CCS2_400,4.0,2,0.0,4.0,466.01052631578943,"POLYGON ((8.659398798184702 44.586888141335216, 8.659398798184702 44.59593185866479, 8.672013201815298 44.59593185866479, 8.672013201815298 44.586888141335216, 8.659398798184702 44.586888141335216))",1,1,6.337851999999994,,0,0,2,0,0,0,6,0,0,0,0,0,0,0,other,yes,3,service,62.10526315789474,2,2
125,16948.0,45.613064,8.720427,CCS2_400,4.0,2,150000.0,4.0,506.81666666666666,"POLYGON ((8.714005908925373 45.608542141335214, 8.714005908925373 45.61758585866479, 8.726848091074629 45.61758585866479, 8.726848091074629 45.608542141335214, 8.714005908925373 45.608542141335214))",1,1,2.072148,,0,0,0,0,0,0,1,0,0,0,0,0,0,0,commercial,yes,2,service,,14,21
126,16949.0,45.14232079789667,9.632879063429876,CCS2_400,4.0,2,129000.0,4.0,456.6641071428571,"POLYGON ((9.626511207024413 45.137798939231885, 9.626511207024413 45.14684265656146, 9.639246919835339 45.14684265656146, 9.639246919835339 45.137798939231885, 9.626511207024413 45.137798939231885))",1,1,702.513778,,0,0,3,1,0,0,25,0,0,0,7,0,0,0,residential,yes,3,service,130.0,27,49
127,16950.0,44.609688,8.661311,CCS2_400,4.0,2,250000.0,4.0,444.4756237006237,"POLYGON ((8.655001813665423 44.60516614133521, 8.655001813665423 44.614209858664786, 8.667620186334576 44.614209858664786, 8.667620186334576 44.60516614133521, 8.655001813665423 44.60516614133521))",1,1,22.837802999999997,,0,0,0,0,0,0,0,0,0,0,0,0,0,0,other,yes,3,motorway,96.0,0,0
128,16951.0,44.453754,11.280675,CCS2_400,4.0,2,326000.0,4.0,425.4013171225937,"POLYGON ((11.274382683526154 44.449232141335216, 11.274382683526154 44.45827585866479, 11.286967316473847 44.45827585866479, 11.286967316473847 44.449232141335216, 11.274382683526154 44.449232141335216))",1,1,1042.7524130000002,,0,0,2,1,0,0,25,0,3,0,0,0,0,0,residential,yes,3,service,88.26086956521739,6,10
129,16952.0,44.366226196289,9.1481781005859,CCS2_400,1.0,1,326000.0,4.0,468.17261904761904,"POLYGON ((9.141895193560616 44.36170433762421, 9.141895193560616 44.370748054953786, 9.154461007611184 44.370748054953786, 9.154461007611184 44.36170433762421, 9.141895193560616 44.36170433762421))",1,1,4613.476955,,5,0,12,3,2,1,8,1,1,0,0,0,0,1,residential,yes,2,crossing,44.827586206896555,120,243
130,17422.0,41.8498347,12.7328198,CCS2_400,4.0,2,0.0,4.0,480.36157635467976,"POLYGON ((12.726790024048825 41.845312841335215, 12.726790024048825 41.85435655866479, 12.738849575951175 41.85435655866479, 12.738849575951175 41.845312841335215, 12.726790024048825 41.845312841335215))",1,1,3369.048386,,0,0,2,1,0,0,8,0,1,0,18,0,0,0,residential,yes,1,service,32.5,34,68
131,17422.0,41.8498347,12.7328198,CCS2_400,4.0,2,0.0,4.0,480.36157635467976,"POLYGON ((12.726790024048825 41.845312841335215, 12.726790024048825 41.85435655866479, 12.738849575951175 41.85435655866479, 12.738849575951175 41.845312841335215, 12.726790024048825 41.845312841335215))",1,1,3369.048386,,0,0,2,1,0,0,8,0,1,0,18,0,0,0,residential,yes,1,service,32.5,34,68
132,17423.0,41.497747210987065,13.684203241919125,CCS2_400,4.0,2,326000.0,4.0,442.87734375,"POLYGON ((13.678206359172558 41.49322535232228, 13.678206359172558 41.50226906965185, 13.690200124665692 41.50226906965185, 13.690200124665692 41.49322535232228, 13.678206359172558 41.49322535232228))",2,1,143.18829499999998,,0,0,3,0,0,0,8,0,1,0,0,0,0,0,Other,yes,3,service,57.64705882352941,18,36
133,17424.0,41.8498347,12.7328198,CCS2_400,1.0,1,0.0,4.0,443.57831765935214,"POLYGON ((12.726790024048825 41.845312841335215, 12.726790024048825 41.85435655866479, 12.738849575951175 41.85435655866479, 12.738849575951175 41.845312841335215, 12.726790024048825 41.845312841335215))",1,1,3369.048386,,0,0,2,1,0,0,8,0,1,0,18,0,0,0,residential,yes,1,service,32.5,34,68
134,17424.0,41.8498347,12.7328198,CCS2_400,1.0,1,0.0,4.0,443.57831765935214,"POLYGON ((12.726790024048825 41.845312841335215, 12.726790024048825 41.85435655866479, 12.738849575951175 41.85435655866479, 12.738849575951175 41.845312841335215, 12.726790024048825 41.845312841335215))",1,1,3369.048386,,0,0,2,1,0,0,8,0,1,0,18,0,0,0,residential,yes,1,service,32.5,34,68
135,17425.0,41.493573,13.691659,CCS2_400,1.0,1,0.0,4.0,465.81450304259636,"POLYGON ((13.685662503714251 41.48905114133521, 13.685662503714251 41.498094858664786, 13.697655496285748 41.498094858664786, 13.697655496285748 41.48905114133521, 13.685662503714251 41.48905114133521))",1,1,172.849545,,0,0,0,0,0,0,0,0,2,0,0,0,0,0,Other,yes,3,unclassified,110.0,15,34
136,17733.0,42.799503,12.020228,CCS2_400,1.0,1,0.0,4.0,437.2328869047619,"POLYGON ((12.01410651031505 42.794981141335214, 12.01410651031505 42.80402485866479, 12.026349489684948 42.80402485866479, 12.026349489684948 42.794981141335214, 12.01410651031505 42.794981141335214))",1,1,5.161751,,0,0,0,0,0,0,0,0,0,0,0,0,0,0,other,,,tertiary,,0,0
137,17734.0,42.8761818,12.0173079,CCS2_400,4.0,2,100000.0,4.0,391.6661855036855,"POLYGON ((12.011178809319048 42.87165994133521, 12.011178809319048 42.880703658664785, 12.023436990680953 42.880703658664785, 12.023436990680953 42.87165994133521, 12.011178809319048 42.87165994133521))",2,1,393.83711400000004,,0,0,2,1,0,0,7,0,0,0,0,0,0,0,commercial,yes,1,residential,61.6,98,199
138,17735.0,42.868913,12.026451,CCS2_400,1.0,1,129000.0,4.0,397.54354838709673,"POLYGON ((12.020322631139615 42.86439114133521, 12.020322631139615 42.87343485866479, 12.032579368860384 42.87343485866479, 12.032579368860384 42.86439114133521, 12.020322631139615 42.86439114133521))",1,1,23.195178,,0,0,0,0,0,0,1,0,0,0,0,0,0,0,commercial,yes,2,track,130.0,8,18
139,17736.0,42.032747,11.953672,CCS2_400,1.0,1,250000.0,4.0,441.60833333333335,"POLYGON ((11.947624902465371 42.02822514133521, 11.947624902465371 42.03726885866479, 11.959719097534627 42.03726885866479, 11.959719097534627 42.02822514133521, 11.947624902465371 42.02822514133521))",1,1,0.0,,0,0,0,0,0,0,0,0,0,0,0,0,0,0,Other,yes,2,track,130.0,0,0
140,17737.0,42.02954808589307,11.962168151083445,CCS2_400,1.0,1,0.0,4.0,481.3496251874063,"POLYGON ((11.956121357867202 42.02502622722828, 11.956121357867202 42.03406994455786, 11.968214944299687 42.03406994455786, 11.968214944299687 42.02502622722828, 11.956121357867202 42.02502622722828))",1,1,0.0,,0,0,1,0,0,0,3,0,0,0,0,0,0,0,Other,yes,1,service,130.0,0,0
141,17738.0,42.87650230358312,12.017141551638364,CCS2_400,4.0,2,0.0,4.0,497.10727272727274,"POLYGON ((12.011012429123953 42.871980444918336, 12.011012429123953 42.88102416224791, 12.023270674152775 42.88102416224791, 12.023270674152775 42.871980444918336, 12.011012429123953 42.871980444918336))",2,1,374.71778600000005,,0,0,2,1,0,0,7,0,0,0,0,0,0,0,commercial,yes,1,residential,61.6,105,215
142,17739.0,41.686012834348304,13.187509256904688,CCS2_400,1.0,1,250000.0,4.0,461.6094252873563,"POLYGON ((13.18149485877647 41.681490975683516, 13.18149485877647 41.69053469301309, 13.193523655032907 41.69053469301309, 13.193523655032907 41.681490975683516, 13.18149485877647 41.681490975683516))",2,1,0.0,,0,0,0,0,0,0,2,0,0,0,0,0,0,0,other,yes,3,service,100.0,2,2
143,17740.0,41.68601410548256,13.18750898624291,CCS2_400,1.0,1,250000.0,4.0,447.0793103448276,"POLYGON ((13.181494587995868 41.681492246817776, 13.181494587995868 41.69053596414735, 13.193523384489954 41.69053596414735, 13.193523384489954 41.681492246817776, 13.181494587995868 41.681492246817776))",2,1,0.0,,0,0,0,0,0,0,2,0,0,0,0,0,0,0,other,yes,3,service,100.0,2,2
144,17741.0,41.68652804286626,13.18860423243303,CCS2_400,1.0,1,214000.0,4.0,466.350146627566,"POLYGON ((13.182589786142575 41.68200618420147, 13.182589786142575 41.691049901531045, 13.194618678723486 41.691049901531045, 13.194618678723486 41.68200618420147, 13.182589786142575 41.68200618420147))",2,1,0.0,,0,0,0,0,0,0,2,0,0,0,0,0,0,0,other,yes,3,service,100.0,2,1
145,17742.0,41.68596811184035,13.513187604772613,CCS2_400,1.0,1,326000.0,4.0,466.8222222222222,"POLYGON ((13.507173210825043 41.681446253175565, 13.507173210825043 41.69048997050514, 13.519201998720183 41.69048997050514, 13.519201998720183 41.681446253175565, 13.507173210825043 41.681446253175565))",1,1,5.15515,,0,0,0,0,0,0,0,0,0,0,0,0,0,0,Other,,,track,,0,0
146,17807.0,43.4050125,11.7649416,CCS2_400,4.0,2,250000.0,4.0,425.35,"POLYGON ((11.758759265700132 43.40049064133521, 11.758759265700132 43.409534358664786, 11.771123934299869 43.409534358664786, 11.771123934299869 43.40049064133521, 11.758759265700132 43.40049064133521))",1,1,759.264419,,3,0,2,3,0,1,9,1,1,0,1,0,0,1,residential,yes,2,service,84.0,77,177
147,17808.0,41.100521,16.753673,CCS2_400,1.0,1,0.0,4.0,493.31752136752135,"POLYGON ((16.74771253064804 41.09599914133521, 16.74771253064804 41.10504285866479, 16.759633469351957 41.10504285866479, 16.759633469351957 41.09599914133521, 16.74771253064804 41.09599914133521))",1,1,260.202793,,0,0,0,0,0,0,0,0,0,0,0,0,0,0,commercial,yes,2,unclassified,130.0,21,37
148,17809.0,44.829025268555,11.594009399414,CCS2_400,4.0,2,0.0,4.0,456.10238095238094,"POLYGON ((11.587676250526382 44.82450340989021, 11.587676250526382 44.83354712721979, 11.600342548301619 44.83354712721979, 11.600342548301619 44.82450340989021, 11.587676250526382 44.82450340989021))",1,1,2409.084281,,2,3,0,1,0,0,25,0,12,0,0,0,0,0,commercial,yes,2,residential,50.0,40,62
149,17810.0,42.203846,14.535772,CCS2_400,4.0,2,250000.0,4.0,420.44807692307694,"POLYGON ((14.52970855316759 42.19932414133521, 14.52970855316759 42.208367858664786, 14.54183544683241 42.208367858664786, 14.54183544683241 42.19932414133521, 14.52970855316759 42.19932414133521))",1,1,108.844342,,0,0,0,0,0,0,0,0,0,0,0,0,0,0,Other,yes,2,secondary,130.0,20,32
150,17811.0,42.318209,12.491354,CCS2_400,4.0,2,100000.0,4.0,401.92286324786323,"POLYGON ((12.485279545605401 42.313687141335215, 12.485279545605401 42.32273085866479, 12.497428454394598 42.32273085866479, 12.497428454394598 42.313687141335215, 12.485279545605401 42.313687141335215))",1,1,2.2058359999999997,,0,0,0,0,0,0,3,0,0,0,0,0,0,0,Other,yes,3,service,130.0,3,4
151,17812.0,44.62261139860479,11.41988490594841,CCS2_400,4.0,2,250000.0,4.0,503.26060606060605,"POLYGON ((11.413574315324656 44.61808953994, 11.413574315324656 44.62713325726958, 11.426195496572163 44.62713325726958, 11.426195496572163 44.61808953994, 11.413574315324656 44.61808953994))",1,1,35.22363499999994,,0,0,0,0,0,0,30,0,3,0,0,0,0,0,commercial,yes,2,service,110.0,15,35
152,17813.0,45.62475539738236,8.712067013491533,CCS2_400,4.0,2,207000.0,4.0,408.6,"POLYGON ((8.705644583415172 45.62023353871757, 8.705644583415172 45.629277256047146, 8.718489443567893 45.629277256047146, 8.718489443567893 45.62023353871757, 8.705644583415172 45.62023353871757))",1,1,4.3306499999999994,,0,0,1,0,0,0,16,0,0,0,5,0,0,0,other,yes,2,service,30.0,24,33
153,17814.0,45.6274098,8.7121458,CCS2_400,4.0,2,0.0,4.0,549.01875,"POLYGON ((8.705723065803042 45.622887941335215, 8.705723065803042 45.63193165866479, 8.718568534196958 45.63193165866479, 8.718568534196958 45.622887941335215, 8.705723065803042 45.622887941335215))",1,1,3.637746,,0,0,1,0,0,0,17,1,0,0,8,0,0,0,other,yes,2,service,30.0,26,36
154,17815.0,45.14290767128583,9.634451384519403,CCS2_400,1.0,1,326000.0,4.0,482.2241379310345,"POLYGON ((9.628083462562946 45.138385812621046, 9.628083462562946 45.14742952995062, 9.64081930647586 45.14742952995062, 9.64081930647586 45.138385812621046, 9.628083462562946 45.138385812621046))",1,1,1741.53648,,1,0,3,1,0,1,32,0,0,0,7,0,0,0,residential,yes,2,service,130.0,37,73
155,17815.0,45.14290767128583,9.634451384519403,CCS2_400,1.0,1,326000.0,4.0,482.2241379310345,"POLYGON ((9.628083462562946 45.138385812621046, 9.628083462562946 45.14742952995062, 9.64081930647586 45.14742952995062, 9.64081930647586 45.138385812621046, 9.628083462562946 45.138385812621046))",1,1,1741.53648,,1,0,3,1,0,1,32,0,0,0,7,0,0,0,residential,yes,2,service,130.0,37,73
156,17816.0,42.316788,12.492107,CCS2_400,1.0,1,326000.0,4.0,447.5083333333333,"POLYGON ((12.48603268277196 42.312266141335215, 12.48603268277196 42.32130985866479, 12.498181317228042 42.32130985866479, 12.498181317228042 42.312266141335215, 12.48603268277196 42.312266141335215))",1,1,5.514589999999999,,0,0,0,0,0,0,3,0,0,0,0,0,0,0,Other,yes,3,service,130.0,3,4
157,17817.0,40.889277,14.3178,CCS2_400,1.0,1,214000.0,4.0,468.85,"POLYGON ((14.311858599844532 40.88475514133521, 14.311858599844532 40.89379885866479, 14.323741400155468 40.89379885866479, 14.323741400155468 40.88475514133521, 14.311858599844532 40.88475514133521))",1,1,3362.8951030000003,,0,0,0,0,0,0,1,0,0,0,1,0,0,0,residential,yes,2,residential,52.903225806451616,38,73
158,17819.0,43.4811877716243,13.59483103391386,CCS2_400,1.0,1,326000.0,4.0,509.7931372549019,"POLYGON ((13.588640910220994 43.47666591295951, 13.588640910220994 43.48570963028909, 13.601021157606725 43.48570963028909, 13.601021157606725 43.47666591295951, 13.588640910220994 43.47666591295951))",1,1,5.635075,,0,0,2,0,0,0,16,0,0,0,1,0,0,1,commercial,yes,1,service,50.45454545454545,9,20
159,17820.0,40.872321,14.283121,CCS2_400,4.0,2,0.0,4.0,365.32757296466974,"POLYGON ((14.277181121693863 40.86779914133521, 14.277181121693863 40.87684285866479, 14.289060878306136 40.87684285866479, 14.289060878306136 40.86779914133521, 14.277181121693863 40.86779914133521))",3,1,1913.548964,,1,0,2,1,0,0,25,0,0,0,10,0,0,0,commercial,yes,2,service,47.75,84,136
160,17821.0,42.200748,14.59728,CCS2_400,4.0,2,100000.0,4.0,400.00374999999997,"POLYGON ((14.591216850462645 42.19622614133521, 14.591216850462645 42.205269858664785, 14.603343149537354 42.205269858664785, 14.603343149537354 42.19622614133521, 14.591216850462645 42.19622614133521))",1,1,63.437974999999994,,0,0,2,0,0,0,2,0,0,0,0,0,0,0,commercial,yes,2,service,41.25,15,22
161,19515.0,40.83769660577199,14.119591440381846,CCS2_400,1.0,1,250000.0,4.0,478.5,"POLYGON ((14.113654665679418 40.8331747471072, 14.113654665679418 40.842218464436776, 14.125528215084275 40.842218464436776, 14.125528215084275 40.8331747471072, 14.113654665679418 40.8331747471072))",1,1,2492.245539,,1,0,4,0,0,0,6,0,0,0,2,0,0,0,residential,yes,2,residential,58.57142857142857,19,40
162,19516.0,41.060190578679766,15.013472521529495,CCS2_400,4.0,2,0.0,4.0,461.72222222222223,"POLYGON ((15.0075157085492 41.05566872001498, 15.0075157085492 41.064712437344554, 15.019429334509791 41.064712437344554, 15.019429334509791 41.05566872001498, 15.0075157085492 41.05566872001498))",1,1,306.707926,,0,0,2,1,0,0,1,0,1,0,2,0,0,0,residential,yes,2,unclassified,80.0,15,32
163,19517.0,41.068329,14.88722,CCS2_400,4.0,2,100000.0,4.0,478.9194444444445,"POLYGON ((14.881262449786288 41.06380714133521, 14.881262449786288 41.072850858664786, 14.89317755021371 41.072850858664786, 14.89317755021371 41.06380714133521, 14.881262449786288 41.06380714133521))",1,1,90.096308,,0,0,0,0,0,0,0,0,0,0,0,0,0,0,Other,no,2,unclassified,70.0,2,2
164,19518.0,42.119499,12.61847,CCS2_400,4.0,2,326000.0,4.0,495.8043956043956,"POLYGON ((12.612414630694618 42.11497714133521, 12.612414630694618 42.124020858664785, 12.624525369305383 42.124020858664785, 12.624525369305383 42.11497714133521, 12.612414630694618 42.11497714133521))",1,1,9.607225999999999,,0,0,2,0,0,0,0,0,0,0,0,0,0,0,commercial,yes,3,service,130.0,1,2
165,19519.0,42.034378,12.648893,CCS2_400,1.0,1,0.0,4.0,449.12,"POLYGON ((12.642845747286396 42.02985614133521, 12.642845747286396 42.038899858664784, 12.654940252713603 42.038899858664784, 12.654940252713603 42.02985614133521, 12.642845747286396 42.02985614133521))",1,1,3924.471564,,0,0,1,0,0,0,6,0,1,0,1,0,0,1,residential,no,2,residential,50.0,112,241
166,19520.0,44.15121060750389,11.193671191410036,CCS2_400,1.0,1,0.0,4.0,418.02773915921875,"POLYGON ((11.187411218195084 44.146688748839104, 11.187411218195084 44.15573246616868, 11.199931164624989 44.15573246616868, 11.199931164624989 44.146688748839104, 11.187411218195084 44.146688748839104))",1,1,22.795012,,0,0,3,0,0,0,2,0,0,0,0,0,0,0,other,yes,1,service,86.53846153846153,10,14
167,19521.0,44.15107355193594,11.19363641216908,CCS2_400,1.0,1,250000.0,4.0,441.51572199730094,"POLYGON ((11.18737645349116 44.14655169327115, 11.18737645349116 44.155595410600725, 11.199896370847002 44.155595410600725, 11.199896370847002 44.14655169327115, 11.18737645349116 44.14655169327115))",1,1,22.795012,,0,0,3,0,0,0,2,0,0,0,0,0,0,0,other,yes,1,service,88.4,8,12
168,19522.0,44.826193,10.380317,CCS2_400,1.0,1,230000.0,4.0,438.2657072054899,"POLYGON ((10.373984162289325 44.821671141335216, 10.373984162289325 44.83071485866479, 10.386649837710674 44.83071485866479, 10.386649837710674 44.821671141335216, 10.373984162289325 44.821671141335216))",2,1,323.729926,,0,0,2,0,0,0,9,0,0,0,0,0,0,0,residential,yes,3,service,76.5,6,8
169,19522.0,44.826193,10.380317,CCS2_400,1.0,1,230000.0,4.0,438.2657072054899,"POLYGON ((10.373984162289325 44.821671141335216, 10.373984162289325 44.83071485866479, 10.386649837710674 44.83071485866479, 10.386649837710674 44.821671141335216, 10.373984162289325 44.821671141335216))",2,1,323.729926,,0,0,2,0,0,0,9,0,0,0,0,0,0,0,residential,yes,3,service,76.5,6,8
170,19523.0,44.827259,10.37933,CCS2_400,4.0,2,0.0,4.0,465.55137147335427,"POLYGON ((10.372997045174966 44.82273714133521, 10.372997045174966 44.831780858664786, 10.385662954825033 44.831780858664786, 10.385662954825033 44.82273714133521, 10.372997045174966 44.82273714133521))",2,1,142.454027,,0,0,2,1,0,0,9,0,0,0,0,0,0,0,residential,yes,3,service,89.28571428571429,4,3
171,19524.0,43.619242,13.336944,CCS2_400,4.0,2,250000.0,4.0,419.9667735042735,"POLYGON ((13.330739681269755 43.61472014133521, 13.330739681269755 43.62376385866479, 13.343148318730247 43.62376385866479, 13.343148318730247 43.61472014133521, 13.330739681269755 43.61472014133521))",1,1,95.759765,,0,0,1,0,0,0,1,0,0,0,0,0,0,0,Other,yes,2,service,130.0,8,14
172,19525.0,43.652973,13.32744,CCS2_400,4.0,2,0.0,4.0,409.98929539295386,"POLYGON ((13.321232197587474 43.648451141335215, 13.321232197587474 43.65749485866479, 13.333647802412525 43.65749485866479, 13.333647802412525 43.648451141335215, 13.321232197587474 43.648451141335215))",1,1,435.426937,,0,0,0,0,0,0,10,0,0,0,0,0,0,1,residential,yes,1,service,44.44444444444444,12,19
173,19526.0,42.199803,14.610773,CCS2_400,1.0,1,0.0,4.0,446.9483974358974,"POLYGON ((14.604709941138864 42.195281141335215, 14.604709941138864 42.20432485866479, 14.616836058861136 42.20432485866479, 14.616836058861136 42.195281141335215, 14.604709941138864 42.195281141335215))",1,1,56.975719000000005,,0,0,1,0,0,0,2,0,0,0,0,0,0,0,residential,yes,1,service,40.0,3,4
174,19527.0,44.826193,10.380317,CCS2_400,4.0,2,0.0,4.0,437.8251515151515,"POLYGON ((10.373984162289325 44.821671141335216, 10.373984162289325 44.83071485866479, 10.386649837710674 44.83071485866479, 10.386649837710674 44.821671141335216, 10.373984162289325 44.821671141335216))",2,1,323.729926,,0,0,2,0,0,0,9,0,0,0,0,0,0,0,residential,yes,3,service,76.5,6,8
175,19527.0,44.826193,10.380317,CCS2_400,4.0,2,0.0,4.0,437.8251515151515,"POLYGON ((10.373984162289325 44.821671141335216, 10.373984162289325 44.83071485866479, 10.386649837710674 44.83071485866479, 10.386649837710674 44.821671141335216, 10.373984162289325 44.821671141335216))",2,1,323.729926,,0,0,2,0,0,0,9,0,0,0,0,0,0,0,residential,yes,3,service,76.5,6,8
176,19528.0,46.206436157227,13.048324584961,CCS2_400,1.0,1,0.0,4.0,441.3712121212121,"POLYGON ((13.04183447963267 46.201914298562215, 13.04183447963267 46.21095801589179, 13.05481469028933 46.21095801589179, 13.05481469028933 46.201914298562215, 13.04183447963267 46.201914298562215))",1,1,2.6229639999999983,,0,0,0,0,0,0,0,0,0,0,0,0,0,0,commercial,,,track,,0,0
177,19529.0,44.60469302341558,8.953060110443314,CCS2_400,4.0,2,0.0,4.0,386.79597701149424,"POLYGON ((8.94675146662209 44.60017116475079, 8.94675146662209 44.609214882080366, 8.959368754264538 44.609214882080366, 8.959368754264538 44.60017116475079, 8.94675146662209 44.60017116475079))",1,1,598.382406,,0,0,1,1,0,1,2,0,0,0,0,0,0,0,residential,yes,2,service,63.214285714285715,18,31
178,19530.0,44.45620200747712,11.279479255591484,CCS2_400,1.0,1,0.0,4.0,407.85238095238094,"POLYGON ((11.273186675334593 44.45168014881233, 11.273186675334593 44.460723866141905, 11.285771835848376 44.460723866141905, 11.285771835848376 44.45168014881233, 11.273186675334593 44.45168014881233))",1,1,1952.484833,,0,0,4,1,0,0,27,0,4,0,0,0,0,2,residential,yes,3,service,91.48148148148148,12,21
179,19531.0,45.54818,9.202131,CCS2_400,1.0,1,250000.0,4.0,438.6272727272727,"POLYGON ((9.195717325026962 45.543658141335214, 9.195717325026962 45.55270185866479, 9.208544674973037 45.55270185866479, 9.208544674973037 45.543658141335214, 9.195717325026962 45.543658141335214))",1,1,4714.814944,,3,0,4,1,0,0,16,0,8,0,4,0,0,3,residential,yes,1,crossing,44.791666666666664,95,183
180,19532.0,44.821237,10.377416,CCS2_400,4.0,2,0.0,4.0,426.1282051282051,"POLYGON ((10.371083706686553 44.816715141335216, 10.371083706686553 44.82575885866479, 10.383748293313447 44.82575885866479, 10.383748293313447 44.816715141335216, 10.371083706686553 44.816715141335216))",1,1,133.061069,,0,0,0,0,0,0,1,0,0,0,0,0,0,0,residential,yes,2,service,60.0,34,55
181,19741.0,45.55895321501664,9.042345936402976,CCS2_400,4.0,2,0.0,4.0,421.3005303030303,"POLYGON ((9.035931031830321 45.554431356351856, 9.035931031830321 45.56347507368143, 9.04876084097563 45.56347507368143, 9.04876084097563 45.554431356351856, 9.035931031830321 45.554431356351856))",3,1,9.264895,,0,0,2,0,0,0,15,0,0,0,1,0,0,3,residential,yes,2,service,56.51162790697674,50,76
182,19742.0,42.624796,12.231543,CCS2_400,1.0,1,0.0,4.0,370.28873626373627,"POLYGON ((12.22543871767205 42.620274141335216, 12.22543871767205 42.62931785866479, 12.23764728232795 42.62931785866479, 12.23764728232795 42.620274141335216, 12.22543871767205 42.620274141335216))",1,1,20.071407999999987,,0,0,0,0,0,0,0,0,0,0,0,0,0,0,Other,yes,2,service,130.0,5,8
183,19743.0,42.36412917089691,12.478752310868412,CCS2_400,1.0,1,129000.0,4.0,411.80921658986176,"POLYGON ((12.47267341853194 42.35960731223212, 12.47267341853194 42.3686510295617, 12.484831203204884 42.3686510295617, 12.484831203204884 42.35960731223212, 12.47267341853194 42.35960731223212))",1,1,1150.256817,,1,0,4,5,0,1,2,1,1,0,2,0,0,0,residential,no,2,residential,,64,175
184,19744.0,41.092773,16.777855,CCS2_400,4.0,2,0.0,4.0,494.9769811320755,"POLYGON ((16.771895233662203 41.08825114133521, 16.771895233662203 41.09729485866479, 16.783814766337795 41.09729485866479, 16.783814766337795 41.08825114133521, 16.771895233662203 41.08825114133521))",1,1,2202.775428,,1,0,0,2,0,0,12,0,1,0,0,0,0,0,residential,yes,2,unclassified,68.03571428571429,85,144
185,19745.0,44.66223666034456,10.85800979285428,CCS2_400,1.0,1,214000.0,4.0,435.2567567567568,"POLYGON ((10.851694890545994 44.657714801679774, 10.851694890545994 44.66675851900935, 10.864324695162564 44.66675851900935, 10.864324695162564 44.657714801679774, 10.851694890545994 44.657714801679774))",1,1,52.45259899999999,,0,0,3,0,0,0,6,0,0,0,1,0,0,2,residential,yes,4,service,109.23076923076923,16,32
186,19746.0,45.5756,9.0086,CCS2_400,1.0,1,0.0,4.0,444.37463235294115,"POLYGON ((9.002183194074915 45.571078141335214, 9.002183194074915 45.58012185866479, 9.015016805925084 45.58012185866479, 9.015016805925084 45.571078141335214, 9.002183194074915 45.571078141335214))",1,1,37.11109399999998,,0,0,0,0,0,0,1,0,0,0,0,0,0,0,commercial,yes,2,service,79.375,20,29
187,19747.0,44.66238507058817,10.858520518762573,CCS2_400,1.0,1,130000.0,4.0,416.85422222222223,"POLYGON ((10.85220560028879 44.657863211923384, 10.85220560028879 44.66690692925296, 10.864835437236355 44.66690692925296, 10.864835437236355 44.657863211923384, 10.85220560028879 44.657863211923384))",1,1,50.083028,,0,0,3,0,0,0,6,0,0,0,1,0,0,2,residential,yes,4,service,100.83333333333333,12,26
188,19748.0,45.548589,9.210064,CCS2_400,4.0,2,0.0,4.0,422.20833333333337,"POLYGON ((9.203650278358543 45.54406714133521, 9.203650278358543 45.55311085866479, 9.216477721641455 45.55311085866479, 9.216477721641455 45.54406714133521, 9.203650278358543 45.54406714133521))",1,1,3664.607109,,0,0,3,0,0,0,20,0,3,0,3,0,1,4,residential,yes,1,service,45.0,50,80
189,19749.0,45.559134,9.039494,CCS2_400,4.0,2,250000.0,4.0,471.1818181818182,"POLYGON ((9.033079074787516 45.55461214133521, 9.033079074787516 45.56365585866479, 9.045908925212483 45.56365585866479, 9.045908925212483 45.55461214133521, 9.033079074787516 45.55461214133521))",3,1,19.075228,,0,0,2,0,0,0,12,0,0,0,1,0,0,3,residential,yes,1,secondary,52.093023255813954,68,105
190,20790.0,42.364143,12.4788065,CCS2_400,4.0,2,50000.0,4.0,487.13157894736844,"POLYGON ((12.472727606325453 42.35962114133521, 12.472727606325453 42.368664858664786, 12.484885393674546 42.368664858664786, 12.484885393674546 42.35962114133521, 12.472727606325453 42.35962114133521))",1,1,1168.2960679999999,,1,0,4,5,0,1,2,1,1,0,2,0,0,0,residential,no,2,residential,,64,175
191,20791.0,41.595306,15.470685,CCS2_400,1.0,1,250000.0,4.0,440.1079545454545,"POLYGON ((15.464679061674998 41.59078414133521, 15.464679061674998 41.59982785866479, 15.476690938325001 41.59982785866479, 15.476690938325001 41.59078414133521, 15.464679061674998 41.59078414133521))",1,1,0.0,,0,0,0,0,0,0,0,0,0,0,0,0,0,0,Other,,1,construction,90.0,0,0
192,20791.0,41.595306,15.470685,CCS2_400,1.0,1,250000.0,4.0,440.1079545454545,"POLYGON ((15.464679061674998 41.59078414133521, 15.464679061674998 41.59982785866479, 15.476690938325001 41.59982785866479, 15.476690938325001 41.59078414133521, 15.464679061674998 41.59078414133521))",1,1,0.0,,0,0,0,0,0,0,0,0,0,0,0,0,0,0,Other,,1,construction,90.0,0,0
193,20792.0,45.55872953594708,9.039780726784564,CCS2_400,1.0,1,250000.0,4.0,460.4265454545455,"POLYGON ((9.033365847748591 45.55420767728229, 9.033365847748591 45.56325139461187, 9.046195605820536 45.56325139461187, 9.046195605820536 45.55420767728229, 9.033365847748591 45.55420767728229))",3,1,15.492151,,0,0,2,0,0,0,14,0,0,0,1,0,0,3,residential,yes,1,secondary,52.38095238095238,71,110
194,20793.0,45.517027,9.147218,CCS2_400,1.0,1,250000.0,4.0,507.20833333333337,"POLYGON ((9.140807876745386 45.51250514133521, 9.140807876745386 45.52154885866479, 9.153628123254615 45.52154885866479, 9.153628123254615 45.51250514133521, 9.140807876745386 45.51250514133521))",1,1,17559.313468,,2,0,4,2,1,0,37,0,5,0,2,0,0,0,residential,yes,2,footway,42.5,83,153
195,20793.0,45.517027,9.147218,CCS2_400,1.0,1,250000.0,4.0,507.20833333333337,"POLYGON ((9.140807876745386 45.51250514133521, 9.140807876745386 45.52154885866479, 9.153628123254615 45.52154885866479, 9.153628123254615 45.51250514133521, 9.140807876745386 45.51250514133521))",1,1,17559.313468,,2,0,4,2,1,0,37,0,5,0,2,0,0,0,residential,yes,2,footway,42.5,83,153
196,20794.0,46.49900946415393,13.375391836695504,CCS2_400,1.0,1,0.0,4.0,403.2846261355695,"POLYGON ((13.368866894159872 46.49448760548914, 13.368866894159872 46.503531322818716, 13.381916779231137 46.503531322818716, 13.381916779231137 46.49448760548914, 13.368866894159872 46.49448760548914))",1,1,86.177323,,0,0,2,1,0,0,3,0,0,0,0,0,0,0,Other,yes,2,track,62.5,17,36
197,20795.0,44.60469167309025,8.953054420619305,CCS2_400,1.0,1,0.0,4.0,426.90714285714284,"POLYGON ((8.946745776944722 44.60016981442546, 8.946745776944722 44.60921353175504, 8.959363064293887 44.60921353175504, 8.959363064293887 44.60016981442546, 8.946745776944722 44.60016981442546))",1,1,598.382406,,0,0,1,1,0,1,2,0,0,0,0,0,0,0,residential,yes,2,service,63.214285714285715,18,31
198,20796.0,42.628433,12.230046,CCS2_400,1.0,1,326000.0,4.0,474.40162499999997,"POLYGON ((12.223941361018264 42.62391114133521, 12.223941361018264 42.63295485866479, 12.236150638981735 42.63295485866479, 12.236150638981735 42.62391114133521, 12.223941361018264 42.62391114133521))",1,1,20.49666599999999,,0,0,0,0,0,0,0,0,0,0,0,0,0,0,Other,yes,2,service,130.0,0,0
199,20797.0,41.59151,15.47307,CCS2_400,1.0,1,250000.0,4.0,505.94126984126984,"POLYGON ((15.467064414863446 41.58698814133521, 15.467064414863446 41.59603185866479, 15.479075585136554 41.59603185866479, 15.479075585136554 41.58698814133521, 15.467064414863446 41.58698814133521))",1,1,0.0,,0,0,0,0,0,0,0,0,0,0,0,0,0,0,Other,,1,track,90.0,0,0
200,20798.0,46.49905823466896,13.37512094073765,CCS2_400,4.0,2,250000.0,4.0,419.1035366931918,"POLYGON ((13.368595992349443 46.49453637600417, 13.368595992349443 46.503580093333746, 13.381645889125858 46.503580093333746, 13.381645889125858 46.49453637600417, 13.368595992349443 46.49453637600417))",1,1,86.177323,,0,0,2,1,0,0,3,0,0,0,0,0,0,0,Other,yes,2,track,62.5,17,36
201,20799.0,45.029393,11.701105,CCS2_400,1.0,1,326000.0,4.0,799.0,"POLYGON ((11.694749719641123 45.02487114133521, 11.694749719641123 45.03391485866479, 11.707460280358877 45.03391485866479, 11.707460280358877 45.02487114133521, 11.694749719641123 45.02487114133521))",1,1,1.18064,,0,0,0,0,0,0,0,0,0,0,0,0,0,0,Other,yes,2,track,76.0,2,1
202,20800.0,45.0413896291706,11.710672816333831,CCS2_400,1.0,1,0.0,4.0,437.0283400809717,"POLYGON ((11.704316203517454 45.036867770505815, 11.704316203517454 45.04591148783539, 11.717029429150209 45.04591148783539, 11.717029429150209 45.036867770505815, 11.704316203517454 45.036867770505815))",2,1,4.580927999999995,,0,0,0,0,0,0,8,0,0,0,0,0,0,0,Other,yes,1,service,106.66666666666667,4,3
203,20801.0,44.4848,11.2583,CCS2_400,4.0,2,250000.0,4.0,472.4135,"POLYGON ((11.25200433569902 44.48027814133521, 11.25200433569902 44.48932185866479, 11.26459566430098 44.48932185866479, 11.26459566430098 44.48027814133521, 11.25200433569902 44.48027814133521))",1,1,3452.0699489999997,,0,0,3,1,0,0,19,0,6,0,2,0,0,0,residential,yes,1,residential,75.52631578947368,74,134
204,20802.0,41.569647,15.518173,CCS2_400,1.0,1,250000.0,4.0,467.05,"POLYGON ((15.512169447725398 41.565125141335216, 15.512169447725398 41.57416885866479, 15.524176552274604 41.57416885866479, 15.524176552274604 41.565125141335216, 15.512169447725398 41.565125141335216))",1,1,0.0,,0,0,0,0,0,0,0,0,0,0,0,0,0,0,Other,yes,2,motorway,130.0,0,0
205,20804.0,45.517027,9.147218,CCS2_400,1.0,1,326000.0,4.0,461.17657045840406,"POLYGON ((9.140807876745386 45.51250514133521, 9.140807876745386 45.52154885866479, 9.153628123254615 45.52154885866479, 9.153628123254615 45.51250514133521, 9.140807876745386 45.51250514133521))",1,1,17559.313468,,2,0,4,2,1,0,37,0,5,0,2,0,0,0,residential,yes,2,footway,42.5,83,153
206,20804.0,45.517027,9.147218,CCS2_400,1.0,1,326000.0,4.0,461.17657045840406,"POLYGON ((9.140807876745386 45.51250514133521, 9.140807876745386 45.52154885866479, 9.153628123254615 45.52154885866479, 9.153628123254615 45.51250514133521, 9.140807876745386 45.51250514133521))",1,1,17559.313468,,2,0,4,2,1,0,37,0,5,0,2,0,0,0,residential,yes,2,footway,42.5,83,153
207,20805.0,45.63385426728856,9.600788152862714,CCS2_400,1.0,1,0.0,4.0,379.3404761904762,"POLYGON ((9.59436468013209 45.629332408623775, 9.59436468013209 45.63837612595335, 9.607211625593338 45.63837612595335, 9.607211625593338 45.629332408623775, 9.59436468013209 45.629332408623775))",1,1,526.731346,,0,0,0,0,0,0,8,0,0,0,1,0,0,0,residential,yes,2,unclassified,130.0,30,49
208,20805.0,45.63385426728856,9.600788152862714,CCS2_400,1.0,1,0.0,4.0,379.3404761904762,"POLYGON ((9.59436468013209 45.629332408623775, 9.59436468013209 45.63837612595335, 9.607211625593338 45.63837612595335, 9.607211625593338 45.629332408623775, 9.59436468013209 45.629332408623775))",1,1,526.731346,,0,0,0,0,0,0,8,0,0,0,1,0,0,0,residential,yes,2,unclassified,130.0,30,49
209,20806.0,41.595306,15.470685,CCS2_400,4.0,2,0.0,4.0,376.1875,"POLYGON ((15.464679061674998 41.59078414133521, 15.464679061674998 41.59982785866479, 15.476690938325001 41.59982785866479, 15.476690938325001 41.59078414133521, 15.464679061674998 41.59078414133521))",1,1,0.0,,0,0,0,0,0,0,0,0,0,0,0,0,0,0,Other,,1,construction,90.0,0,0
210,20806.0,41.595306,15.470685,CCS2_400,4.0,2,0.0,4.0,376.1875,"POLYGON ((15.464679061674998 41.59078414133521, 15.464679061674998 41.59982785866479, 15.476690938325001 41.59982785866479, 15.476690938325001 41.59078414133521, 15.464679061674998 41.59078414133521))",1,1,0.0,,0,0,0,0,0,0,0,0,0,0,0,0,0,0,Other,,1,construction,90.0,0,0
211,20807.0,45.63385426728856,9.600788152862714,CCS2_400,1.0,1,0.0,4.0,486.28374999999994,"POLYGON ((9.59436468013209 45.629332408623775, 9.59436468013209 45.63837612595335, 9.607211625593338 45.63837612595335, 9.607211625593338 45.629332408623775, 9.59436468013209 45.629332408623775))",1,1,526.731346,,0,0,0,0,0,0,8,0,0,0,1,0,0,0,residential,yes,2,unclassified,130.0,30,49
212,20807.0,45.63385426728856,9.600788152862714,CCS2_400,1.0,1,0.0,4.0,486.28374999999994,"POLYGON ((9.59436468013209 45.629332408623775, 9.59436468013209 45.63837612595335, 9.607211625593338 45.63837612595335, 9.607211625593338 45.629332408623775, 9.59436468013209 45.629332408623775))",1,1,526.731346,,0,0,0,0,0,0,8,0,0,0,1,0,0,0,residential,yes,2,unclassified,130.0,30,49
213,20809.0,46.182976,13.126373,CCS2_400,4.0,2,250000.0,4.0,447.97142857142853,"POLYGON ((13.119885664698842 46.17845414133521, 13.119885664698842 46.187497858664784, 13.132860335301157 46.187497858664784, 13.132860335301157 46.17845414133521, 13.119885664698842 46.17845414133521))",1,1,16.769394,,0,0,0,0,0,0,0,0,0,0,0,0,0,0,other,yes,2,track,80.0,2,1
214,20810.0,44.4525,11.2796,CCS2_400,1.0,1,0.0,4.0,451.69171664167914,"POLYGON ((11.273307818636885 44.44797814133521, 11.273307818636885 44.45702185866479, 11.285892181363115 44.45702185866479, 11.285892181363115 44.44797814133521, 11.273307818636885 44.44797814133521))",1,1,1008.437186,,0,0,3,1,0,0,21,0,2,0,0,0,0,1,residential,yes,3,service,82.94117647058823,8,14
215,36831.0,44.6617823,10.8555736,CCS2_400,1.0,1,214000.0,4.0,467.24979569892474,"POLYGON ((10.849258747181862 44.65726044133521, 10.849258747181862 44.666304158664786, 10.861888452818137 44.666304158664786, 10.861888452818137 44.65726044133521, 10.849258747181862 44.65726044133521))",1,1,50.382123,,0,0,3,0,0,0,6,0,0,0,1,0,0,2,residential,yes,4,service,108.82352941176471,13,28
216,39571.0,44.66180260625645,10.854625413495116,CCS2_400,4.0,2,0.0,4.0,445.7073412698412,"POLYGON ((10.848310558465192 44.65728074759166, 10.848310558465192 44.66632446492124, 10.86094026852504 44.66632446492124, 10.86094026852504 44.65728074759166, 10.848310558465192 44.65728074759166))",1,1,48.437384,,0,0,3,0,0,0,6,0,0,0,1,0,0,2,residential,yes,4,service,106.3157894736842,4,6
217,71210.0,44.962869094179965,9.90444213224484,CCS2_400,1.0,1,0.0,3.0,205.6818181818182,"POLYGON ((9.898094225479673 44.95834723551518, 9.898094225479673 44.96739095284475, 9.910790039010008 44.96739095284475, 9.910790039010008 44.95834723551518, 9.898094225479673 44.95834723551518))",2,1,55.058404999999986,,0,0,2,0,0,0,2,0,0,0,0,0,0,1,Other,yes,2,service,66.89655172413794,4,3
218,76415.0,42.62348381178956,12.232490713525506,CCS2_400,1.0,1,0.0,3.0,484.38,"POLYGON ((12.226386559857914 42.618961953124774, 12.226386559857914 42.62800567045435, 12.238594867193097 42.62800567045435, 12.238594867193097 42.618961953124774, 12.226386559857914 42.618961953124774))",1,1,19.533780999999987,,0,0,0,0,0,0,0,0,0,0,0,0,0,0,Other,yes,2,service,130.0,5,8
219,76421.0,41.68599050937753,13.187538979556642,CCS2_400,1.0,1,0.0,3.0,292.4,"POLYGON ((13.181524583515356 41.681468650712745, 13.181524583515356 41.69051236804232, 13.193553375597928 41.69051236804232, 13.193553375597928 41.681468650712745, 13.181524583515356 41.681468650712745))",2,1,0.0,,0,0,0,0,0,0,2,0,0,0,0,0,0,0,other,yes,3,service,100.0,2,2
220,83753.0,44.4277,11.6013,CCS2_400,4.0,2,129000.0,4.0,385.57142857142856,"POLYGON ((11.595010488872898 44.423178141335214, 11.595010488872898 44.43222185866479, 11.607589511127102 44.43222185866479, 11.607589511127102 44.423178141335214, 11.595010488872898 44.423178141335214))",2,1,46.482192,,0,0,3,0,0,0,25,0,0,0,2,0,0,0,commercial,yes,1,service,47.735849056603776,30,43
221,83753.0,44.4277,11.6013,CCS2_400,4.0,2,129000.0,4.0,385.57142857142856,"POLYGON ((11.595010488872898 44.423178141335214, 11.595010488872898 44.43222185866479, 11.607589511127102 44.43222185866479, 11.607589511127102 44.423178141335214, 11.595010488872898 44.423178141335214))",2,1,46.482192,,0,0,3,0,0,0,25,0,0,0,2,0,0,0,commercial,yes,1,service,47.735849056603776,30,43
222,83754.0,44.5996,8.6657,CCS2_400,4.0,2,0.0,4.0,386.60907258064515,"POLYGON ((8.659391909195753 44.595078141335215, 8.659391909195753 44.60412185866479, 8.672008090804246 44.60412185866479, 8.672008090804246 44.595078141335215, 8.659391909195753 44.595078141335215))",1,1,3.2838559999999983,,0,0,0,0,0,0,0,0,0,0,0,0,0,0,other,yes,3,path,92.5,0,0
223,83756.0,43.0941,11.7806,CCS2_400,4.0,2,337000.0,4.0,391.3939393939394,"POLYGON ((11.774449143854694 43.08957814133521, 11.774449143854694 43.098621858664785, 11.786750856145305 43.098621858664785, 11.786750856145305 43.08957814133521, 11.774449143854694 43.08957814133521))",1,1,4122.654708,,4,0,25,8,0,1,16,3,3,0,2,0,0,1,residential,no,1,residential,28.863636363636363,89,169
224,83756.0,43.0941,11.7806,CCS2_400,4.0,2,337000.0,4.0,391.3939393939394,"POLYGON ((11.774449143854694 43.08957814133521, 11.774449143854694 43.098621858664785, 11.786750856145305 43.098621858664785, 11.786750856145305 43.08957814133521, 11.774449143854694 43.08957814133521))",1,1,4122.654708,,4,0,25,8,0,1,16,3,3,0,2,0,0,1,residential,no,1,residential,28.863636363636363,89,169
225,83756.0,43.0941,11.7806,CCS2_400,4.0,2,337000.0,4.0,391.3939393939394,"POLYGON ((11.774449143854694 43.08957814133521, 11.774449143854694 43.098621858664785, 11.786750856145305 43.098621858664785, 11.786750856145305 43.08957814133521, 11.774449143854694 43.08957814133521))",1,1,4122.654708,,4,0,25,8,0,1,16,3,3,0,2,0,0,1,residential,no,1,residential,28.863636363636363,89,169
226,83759.0,43.0941,11.7806,CCS2_400,1.0,1,250000.0,4.0,410.2972972972973,"POLYGON ((11.774449143854694 43.08957814133521, 11.774449143854694 43.098621858664785, 11.786750856145305 43.098621858664785, 11.786750856145305 43.08957814133521, 11.774449143854694 43.08957814133521))",1,1,4122.654708,,4,0,25,8,0,1,16,3,3,0,2,0,0,1,residential,no,1,residential,28.863636363636363,89,169
227,83759.0,43.0941,11.7806,CCS2_400,1.0,1,250000.0,4.0,410.2972972972973,"POLYGON ((11.774449143854694 43.08957814133521, 11.774449143854694 43.098621858664785, 11.786750856145305 43.098621858664785, 11.786750856145305 43.08957814133521, 11.774449143854694 43.08957814133521))",1,1,4122.654708,,4,0,25,8,0,1,16,3,3,0,2,0,0,1,residential,no,1,residential,28.863636363636363,89,169
228,83759.0,43.0941,11.7806,CCS2_400,1.0,1,250000.0,4.0,410.2972972972973,"POLYGON ((11.774449143854694 43.08957814133521, 11.774449143854694 43.098621858664785, 11.786750856145305 43.098621858664785, 11.786750856145305 43.08957814133521, 11.774449143854694 43.08957814133521))",1,1,4122.654708,,4,0,25,8,0,1,16,3,3,0,2,0,0,1,residential,no,1,residential,28.863636363636363,89,169
229,83761.0,41.4877,13.69,CCS2_400,1.0,1,111700.0,4.0,356.4944444444444,"POLYGON ((13.684004047315774 41.48317814133521, 13.684004047315774 41.492221858664784, 13.695995952684225 41.492221858664784, 13.695995952684225 41.48317814133521, 13.684004047315774 41.48317814133521))",1,1,113.83634499999998,,0,0,0,0,0,0,0,0,0,0,0,0,0,0,commercial,no,3,unclassified,130.0,0,0
230,83762.0,41.498,13.682,CCS2_400,4.0,2,0.0,4.0,381.2791666666667,"POLYGON ((13.676003093846855 41.49347814133521, 13.676003093846855 41.502521858664785, 13.687996906153145 41.502521858664785, 13.687996906153145 41.49347814133521, 13.676003093846855 41.49347814133521))",2,1,152.22978999999998,,0,0,4,0,0,0,8,0,0,0,0,0,0,0,Other,yes,1,service,49.130434782608695,27,49
231,83765.0,44.6097,8.6613,CCS2_400,1.0,1,0.0,4.0,411.33333333333337,"POLYGON ((8.654990812361913 44.60517814133521, 8.654990812361913 44.614221858664784, 8.667609187638089 44.614221858664784, 8.667609187638089 44.60517814133521, 8.654990812361913 44.60517814133521))",1,1,45.675605999999995,,0,0,0,0,0,0,0,0,0,0,0,0,0,0,other,yes,3,motorway,96.0,0,0
232,83765.0,44.6097,8.6613,CCS2_400,1.0,1,0.0,4.0,411.33333333333337,"POLYGON ((8.654990812361913 44.60517814133521, 8.654990812361913 44.614221858664784, 8.667609187638089 44.614221858664784, 8.667609187638089 44.60517814133521, 8.654990812361913 44.60517814133521))",1,1,45.675605999999995,,0,0,0,0,0,0,0,0,0,0,0,0,0,0,other,yes,3,motorway,96.0,0,0
233,83767.0,44.6097,8.6613,CCS2_400,1.0,1,0.0,4.0,469.00658914728683,"POLYGON ((8.654990812361913 44.60517814133521, 8.654990812361913 44.614221858664784, 8.667609187638089 44.614221858664784, 8.667609187638089 44.60517814133521, 8.654990812361913 44.60517814133521))",1,1,45.675605999999995,,0,0,0,0,0,0,0,0,0,0,0,0,0,0,other,yes,3,motorway,96.0,0,0
234,83767.0,44.6097,8.6613,CCS2_400,1.0,1,0.0,4.0,469.00658914728683,"POLYGON ((8.654990812361913 44.60517814133521, 8.654990812361913 44.614221858664784, 8.667609187638089 44.614221858664784, 8.667609187638089 44.60517814133521, 8.654990812361913 44.60517814133521))",1,1,45.675605999999995,,0,0,0,0,0,0,0,0,0,0,0,0,0,0,other,yes,3,motorway,96.0,0,0
235,83768.0,44.4277,11.6013,CCS2_400,4.0,2,207000.0,4.0,533.5684210526315,"POLYGON ((11.595010488872898 44.423178141335214, 11.595010488872898 44.43222185866479, 11.607589511127102 44.43222185866479, 11.607589511127102 44.423178141335214, 11.595010488872898 44.423178141335214))",2,1,46.482192,,0,0,3,0,0,0,25,0,0,0,2,0,0,0,commercial,yes,1,service,47.735849056603776,30,43
236,83768.0,44.4277,11.6013,CCS2_400,4.0,2,207000.0,4.0,533.5684210526315,"POLYGON ((11.595010488872898 44.423178141335214, 11.595010488872898 44.43222185866479, 11.607589511127102 44.43222185866479, 11.607589511127102 44.423178141335214, 11.595010488872898 44.423178141335214))",2,1,46.482192,,0,0,3,0,0,0,25,0,0,0,2,0,0,0,commercial,yes,1,service,47.735849056603776,30,43
237,83772.0,43.0941,11.7806,CCS2_400,4.0,2,0.0,4.0,351.53846153846155,"POLYGON ((11.774449143854694 43.08957814133521, 11.774449143854694 43.098621858664785, 11.786750856145305 43.098621858664785, 11.786750856145305 43.08957814133521, 11.774449143854694 43.08957814133521))",1,1,4122.654708,,4,0,25,8,0,1,16,3,3,0,2,0,0,1,residential,no,1,residential,28.863636363636363,89,169
238,83772.0,43.0941,11.7806,CCS2_400,4.0,2,0.0,4.0,351.53846153846155,"POLYGON ((11.774449143854694 43.08957814133521, 11.774449143854694 43.098621858664785, 11.786750856145305 43.098621858664785, 11.786750856145305 43.08957814133521, 11.774449143854694 43.08957814133521))",1,1,4122.654708,,4,0,25,8,0,1,16,3,3,0,2,0,0,1,residential,no,1,residential,28.863636363636363,89,169
239,83772.0,43.0941,11.7806,CCS2_400,4.0,2,0.0,4.0,351.53846153846155,"POLYGON ((11.774449143854694 43.08957814133521, 11.774449143854694 43.098621858664785, 11.786750856145305 43.098621858664785, 11.786750856145305 43.08957814133521, 11.774449143854694 43.08957814133521))",1,1,4122.654708,,4,0,25,8,0,1,16,3,3,0,2,0,0,1,residential,no,1,residential,28.863636363636363,89,169
240,83775.0,45.7601,8.8096,CCS2_400,1.0,1,72190.0,4.0,329.7,"POLYGON ((8.803162008771254 45.755578141335214, 8.803162008771254 45.76462185866479, 8.816037991228745 45.76462185866479, 8.816037991228745 45.755578141335214, 8.803162008771254 45.755578141335214))",2,1,883.891606,,0,0,3,2,0,0,7,0,1,0,2,0,0,2,residential,yes,2,service,46.0,51,97
241,83776.0,43.8127,11.154,CCS2_400,1.0,1,0.0,4.0,475.0,"POLYGON ((11.147775618627737 43.80817814133521, 11.147775618627737 43.81722185866479, 11.160224381372263 43.81722185866479, 11.160224381372263 43.80817814133521, 11.147775618627737 43.80817814133521))",1,1,479.636664,,0,0,0,0,0,0,0,0,0,0,0,0,0,0,residential,yes,3,secondary,82.0,28,51
242,83777.0,43.4081,11.7649,CCS2_400,1.0,1,126000.0,4.0,360.0842105263158,"POLYGON ((11.758717350577761 43.40357814133521, 11.758717350577761 43.412621858664785, 11.77108264942224 43.412621858664785, 11.77108264942224 43.40357814133521, 11.758717350577761 43.40357814133521))",1,1,587.9704350000001,,3,0,2,3,0,0,8,1,0,0,1,0,0,1,residential,yes,2,service,66.66666666666667,67,155
243,83779.0,43.8226,11.1515,CCS2_400,1.0,1,250000.0,4.0,440.9294117647059,"POLYGON ((11.145274586542524 43.818078141335214, 11.145274586542524 43.82712185866479, 11.157725413457477 43.82712185866479, 11.157725413457477 43.818078141335214, 11.145274586542524 43.818078141335214))",1,1,1156.223945,,0,0,0,0,0,0,5,0,8,0,0,0,0,0,residential,yes,3,residential,103.0,22,44
244,83789.0,43.6359,11.4559,CCS2_400,4.0,2,250000.0,4.0,481.0,"POLYGON ((11.449693961616502 43.63137814133521, 11.449693961616502 43.64042185866479, 11.462106038383498 43.64042185866479, 11.462106038383498 43.63137814133521, 11.449693961616502 43.63137814133521))",1,1,325.068698,,0,0,1,0,0,0,7,0,0,0,0,0,0,1,residential,yes,2,service,50.0,24,42
245,83820.0,45.5738,9.3887,CCS2_400,1.0,1,111700.0,4.0,571.9444444444445,"POLYGON ((9.382283399746694 45.56927814133521, 9.382283399746694 45.578321858664786, 9.395116600253306 45.578321858664786, 9.395116600253306 45.56927814133521, 9.382283399746694 45.56927814133521))",1,1,180.86856999999998,,0,0,1,0,0,0,3,0,0,0,2,0,0,0,residential,yes,2,service,59.09090909090909,5,5
246,83836.0,45.7341,9.3835,CCS2_400,4.0,2,326000.0,4.0,542.4285714285714,"POLYGON ((9.377065006739974 45.72957814133521, 9.377065006739974 45.738621858664786, 9.389934993260026 45.738621858664786, 9.389934993260026 45.72957814133521, 9.377065006739974 45.72957814133521))",1,1,987.79077,,0,0,1,1,0,0,1,0,0,0,0,0,0,0,residential,no,2,residential,40.0,29,62
