connector_station_id,chargePointIdentity,station_city,gpsLat,gpsLong,station_brand,serialNumber,station_installation_year,station_installation_month,station_installation_week
385079,IT*F2X*EF2XITA2151*1,Fiorenzuola d'Arda,44.96266,9.90426,EVTEC,22111384 10941.0B - 22111384 10941.0B,2022,4,16
385079,IT*F2X*EF2XITA2151*2,Fiorenzuola d'Arda,44.96266,9.90426,EVTEC,22111384 10941.0B - 22111384 10941.0B,2022,4,16
385079,IT*F2X*EF2XITA2151*3,Fiorenzuola d'Arda,44.96266,9.90426,EVTEC,22111384 10941.0B - 22111384 10941.0B,2022,4,16
578546,IT*F2X*EF2XITN3001*1,Savignano sul Rubicone,44.116922,12.409015,alpitronic GmbH,HYC_300_22BZ6977B - HYC_300_22BZ6977B,2023,3,13
578546,IT*F2X*EF2XITN3001*2,Savignano sul Rubicone,44.116922,12.409015,alpitronic GmbH,HYC_300_22BZ6977B - HYC_300_22BZ6977B,2023,3,13
385083,IT*F2X*EF2XITD2051*1,Caponago,45.57589,9.39336,EVTEC,22111383 10941.0B - 22111383 10941.0B,2022,4,16
385083,IT*F2X*EF2XITD2051*2,Caponago,45.57589,9.39336,EVTEC,22111383 10941.0B - 22111383 10941.0B,2022,4,16
385083,IT*F2X*EF2XITD2051*3,Caponago,45.57589,9.39336,EVTEC,22111383 10941.0B - 22111383 10941.0B,2022,4,16
480502,IT*F2X*EF2XITA9651*1,Giove,42.49917,12.31096,alpitronic GmbH,HYC_150_21BZ2009A - HYC_150_21BZ2009A,2023,2,7
480502,IT*F2X*EF2XITA9651*2,Giove,42.49917,12.31096,alpitronic GmbH,HYC_150_21BZ2009A - HYC_150_21BZ2009A,2023,2,7
578547,IT*F2X*EF2XITN3002*1,Savignano sul Rubicone,44.11693,12.408955,alpitronic GmbH,HYC_300_22BZ6969B - HYC_300_22BZ6969B,2023,3,13
480503,IT*F2X*EF2XITA9602*1,Giove,42.49929,12.31107,alpitronic GmbH,HYC_300_21BZ2780B - HYC_300_21BZ2780B,2023,2,7
480503,IT*F2X*EF2XITA9602*2,Giove,42.49929,12.31107,alpitronic GmbH,HYC_300_21BZ2780B - HYC_300_21BZ2780B,2023,2,7
480504,IT*F2X*EF2XITA9601*1,Giove,42.49927,12.31106,alpitronic GmbH,HYC_300_21BZ2782B - HYC_300_21BZ2782B,2023,2,7
480504,IT*F2X*EF2XITA9601*2,Giove,42.49927,12.31106,alpitronic GmbH,HYC_300_21BZ2782B - HYC_300_21BZ2782B,2023,2,7
578547,IT*F2X*EF2XITN3002*2,Savignano sul Rubicone,44.11693,12.408955,alpitronic GmbH,HYC_300_22BZ6969B - HYC_300_22BZ6969B,2023,3,13
946669,IT*F2X*EF2XITW3001*1,Malborghetto Valbruna,46.498992,13.375473,alpitronic GmbH,HYC_300_23BZ1511B - HYC_300_23BZ1511B,2023,11,46
946669,IT*F2X*EF2XITW3001*2,Malborghetto Valbruna,46.498992,13.375473,alpitronic GmbH,HYC_300_23BZ1511B - HYC_300_23BZ1511B,2023,11,46
946670,IT*F2X*EF2XITW3002*1,Malborghetto Valbruna,46.498977,13.375566,alpitronic GmbH,HYC_300_23BZ1515B - HYC_300_23BZ1515B,2023,11,46
578548,IT*F2X*EF2XITN3051*1,Savignano sul Rubicone,44.116774,12.408953,EVTEC,23052068 10941.1A - 23052068 10941.1A,2023,3,13
946670,IT*F2X*EF2XITW3002*2,Malborghetto Valbruna,46.498977,13.375566,alpitronic GmbH,HYC_300_23BZ1515B - HYC_300_23BZ1515B,2023,11,46
946671,IT*F2X*EF2XITW3051*1,Malborghetto Valbruna,46.499013,13.3754,EVTEC,23182141 10941.1A - 23182141 10941.1A,2023,11,46
946671,IT*F2X*EF2XITW3051*2,Malborghetto Valbruna,46.499013,13.3754,EVTEC,23182141 10941.1A - 23182141 10941.1A,2023,11,46
946671,IT*F2X*EF2XITW3051*3,Malborghetto Valbruna,46.499013,13.3754,EVTEC,23182141 10941.1A - 23182141 10941.1A,2023,11,46
578548,IT*F2X*EF2XITN3051*2,Savignano sul Rubicone,44.116774,12.408953,EVTEC,23052068 10941.1A - 23052068 10941.1A,2023,3,13
1002799,IT*F2X*EF2XITH1101*1,Lainate,45.558758,9.039773,alpitronic GmbH,HYC_300_23BZ1517B - HYC_300_23BZ1517B,2024,5,21
373451,IT*F2X*EF2XITN5601*1,Numana,43.481229,13.594777,alpitronic GmbH,HYC_300_22BZ5312B - HYC_300_22BZ5312B,0,0,0
373451,IT*F2X*EF2XITN5601*2,Numana,43.481229,13.594777,alpitronic GmbH,HYC_300_22BZ5312B - HYC_300_22BZ5312B,0,0,0
578548,IT*F2X*EF2XITN3051*3,Savignano sul Rubicone,44.116774,12.408953,EVTEC,23052068 10941.1A - 23052068 10941.1A,2023,3,13
1002799,IT*F2X*EF2XITH1101*2,Lainate,45.558758,9.039773,alpitronic GmbH,HYC_300_23BZ1517B - HYC_300_23BZ1517B,2024,5,21
1002800,IT*F2X*EF2XITH1102*1,Lainate,45.558733,9.039827,alpitronic GmbH,HYC_300_23BZ0050B - HYC_300_23BZ0050B,2024,5,21
1002800,IT*F2X*EF2XITH1102*2,Lainate,45.558733,9.039827,alpitronic GmbH,HYC_300_23BZ0050B - HYC_300_23BZ0050B,2024,5,21
373456,IT*F2X*EF2XITN5602*1,Numana,43.481183,13.594838,alpitronic GmbH,HYC_300_21BZ2764B - HYC_300_21BZ2764B,0,0,0
373456,IT*F2X*EF2XITN5602*2,Numana,43.481183,13.594838,alpitronic GmbH,HYC_300_21BZ2764B - HYC_300_21BZ2764B,0,0,0
1002801,IT*F2X*EF2XITH1151*1,Lainate,45.558677,9.039933,EVTEC,23222156 10941.1A - 23222156 10941.1A,2024,5,21
1002801,IT*F2X*EF2XITH1151*2,Lainate,45.558677,9.039933,EVTEC,23222156 10941.1A - 23222156 10941.1A,2024,5,21
1002801,IT*F2X*EF2XITH1151*3,Lainate,45.558677,9.039933,EVTEC,23222156 10941.1A - 23222156 10941.1A,2024,5,21
373459,IT*F2X*EF2XITN5651*2,Numana,43.481079,13.594935,EVTEC,21461261 10941.1A - 21461261 10941.1A,0,0,0
373459,IT*F2X*EF2XITN5651*3,Numana,43.481079,13.594935,EVTEC,21461261 10941.1A - 21461261 10941.1A,0,0,0
912656,IT*F2X*EF2XITA3701*1,Castiglione dei Pepoli,44.15106,11.19363,alpitronic GmbH,HYC_300_23BZ1035B - HYC_300_23BZ1035B,0,0,0
912656,IT*F2X*EF2XITA3701*2,Castiglione dei Pepoli,44.15106,11.19363,alpitronic GmbH,HYC_300_23BZ1035B - HYC_300_23BZ1035B,0,0,0
912657,IT*F2X*EF2XITA3702*1,Castiglione dei Pepoli,44.151067,11.193595,alpitronic GmbH,HYC_300_23BZ1034B - HYC_300_23BZ1034B,0,0,0
421262,IT*F2X*EF2XITX5051*1,Occimiano,45.07458,8.511,EVTEC,22341744 10941.1A - 22341744 10941.1A,2022,9,38
421262,IT*F2X*EF2XITX5051*2,Occimiano,45.07458,8.511,EVTEC,22341744 10941.1A - 22341744 10941.1A,2022,9,38
421262,IT*F2X*EF2XITX5051*3,Occimiano,45.07458,8.511,EVTEC,22341744 10941.1A - 22341744 10941.1A,2022,9,38
912657,IT*F2X*EF2XITA3702*2,Castiglione dei Pepoli,44.151067,11.193595,alpitronic GmbH,HYC_300_23BZ1034B - HYC_300_23BZ1034B,0,0,0
421265,IT*F2X*EF2XITX5151*1,Occimiano,45.074825,8.508883,EVTEC,22341745 10941.1A - 22341745 10941.1A,2022,9,38
421265,IT*F2X*EF2XITX5151*2,Occimiano,45.074825,8.508883,EVTEC,22341745 10941.1A - 22341745 10941.1A,2022,9,38
421265,IT*F2X*EF2XITX5151*3,Occimiano,45.074825,8.508883,EVTEC,22341745 10941.1A - 22341745 10941.1A,2022,9,38
912658,IT*F2X*EF2XITA3751*1,Castiglione dei Pepoli,44.151305,11.193514,EVTEC,23182090 10941.1A - 23182090 10941.1A,0,0,0
912658,IT*F2X*EF2XITA3751*2,Castiglione dei Pepoli,44.151305,11.193514,EVTEC,23182090 10941.1A - 23182090 10941.1A,0,0,0
912658,IT*F2X*EF2XITA3751*3,Castiglione dei Pepoli,44.151305,11.193514,EVTEC,23182090 10941.1A - 23182090 10941.1A,0,0,0
406596,IT*F2X*EF2XITP2102*1,Avellino,40.92538,14.7831,alpitronic GmbH,HYC_300_22BZ0555B - HYC_300_22BZ0555B,2022,7,28
406596,IT*F2X*EF2XITP2102*2,Avellino,40.92538,14.7831,alpitronic GmbH,HYC_300_22BZ0555B - HYC_300_22BZ0555B,2022,7,28
406597,IT*F2X*EF2XITP2101*1,Avellino,40.925431,14.783183,alpitronic GmbH,HYC_300_22BZ0559B - HYC_300_22BZ0559B,2022,7,28
406597,IT*F2X*EF2XITP2101*2,Avellino,40.925431,14.783183,alpitronic GmbH,HYC_300_22BZ0559B - HYC_300_22BZ0559B,2022,7,28
684332,IT*F2X*EF2XITG7051*1,Ronco Scrivia,44.603716,8.953862,EVTEC,23122106 10941.1A - 23122106 10941.1A,2023,5,20
684332,IT*F2X*EF2XITG7051*2,Ronco Scrivia,44.603716,8.953862,EVTEC,23122106 10941.1A - 23122106 10941.1A,2023,5,20
684332,IT*F2X*EF2XITG7051*3,Ronco Scrivia,44.603716,8.953862,EVTEC,23122106 10941.1A - 23122106 10941.1A,2023,5,20
684334,IT*F2X*EF2XITX2051*1,Belforte Monferrato,44.591275,8.665651,EVTEC,23112104 10941.1A - 23112104 10941.1A,2023,5,20
684334,IT*F2X*EF2XITX2051*2,Belforte Monferrato,44.591275,8.665651,EVTEC,23112104 10941.1A - 23112104 10941.1A,2023,5,20
684334,IT*F2X*EF2XITX2051*3,Belforte Monferrato,44.591275,8.665651,EVTEC,23112104 10941.1A - 23112104 10941.1A,2023,5,20
393627,IT*F2X*EF2XITX5002*1,Occimiano,45.07462,8.51099,alpitronic GmbH,HYC_300_22BZ0547B - HYC_300_22BZ0547B,2022,5,18
393627,IT*F2X*EF2XITX5002*2,Occimiano,45.07462,8.51099,alpitronic GmbH,HYC_300_22BZ0547B - HYC_300_22BZ0547B,2022,5,18
393629,IT*F2X*EF2XITX5001*1,Occimiano,45.07469,8.51101,alpitronic GmbH,HYC_300_22BZ0548B - HYC_300_22BZ0548B,2022,5,18
393629,IT*F2X*EF2XITX5001*2,Occimiano,45.07469,8.51101,alpitronic GmbH,HYC_300_22BZ0548B - HYC_300_22BZ0548B,2022,5,18
952420,IT*F2X*EF2XITA3003*1,Modena,44.662235,10.858016,alpitronic GmbH,HYC_300_23BZ0054B - HYC_300_23BZ0054B,2023,12,49
393633,IT*F2X*EF2XITX5101*1,Occimiano,45.0749,8.50907,alpitronic GmbH,HYC_300_22BZ0549B - HYC_300_22BZ0549B,2022,5,18
393633,IT*F2X*EF2XITX5101*2,Occimiano,45.0749,8.50907,alpitronic GmbH,HYC_300_22BZ0549B - HYC_300_22BZ0549B,2022,5,18
393634,IT*F2X*EF2XITX5102*1,Occimiano,45.07489,8.50897,alpitronic GmbH,HYC_300_22BZ0546B - HYC_300_22BZ0546B,2022,5,18
393634,IT*F2X*EF2XITX5102*2,Occimiano,45.07489,8.50897,alpitronic GmbH,HYC_300_22BZ0546B - HYC_300_22BZ0546B,2022,5,18
952420,IT*F2X*EF2XITA3003*2,Modena,44.662235,10.858016,alpitronic GmbH,HYC_300_23BZ0054B - HYC_300_23BZ0054B,2023,12,49
952421,IT*F2X*EF2XITA3004*1,Modena,44.662234,10.85799,alpitronic GmbH,HYC_300_23BZ0052B - HYC_300_23BZ0052B,2023,12,49
952421,IT*F2X*EF2XITA3004*2,Modena,44.662234,10.85799,alpitronic GmbH,HYC_300_23BZ0052B - HYC_300_23BZ0052B,2023,12,49
412864,IT*F2X*EF2XITD2101*1,Caponago,45.57406,9.3934,alpitronic GmbH,HYC_300_22BZ0662B - HYC_300_22BZ0662B,2022,7,29
412864,IT*F2X*EF2XITD2101*2,Caponago,45.57406,9.3934,alpitronic GmbH,HYC_300_22BZ0662B - HYC_300_22BZ0662B,2022,7,29
412865,IT*F2X*EF2XITD2102*1,Caponago,45.57405,9.39331,alpitronic GmbH,HYC_300_22BZ0556B - HYC_300_22BZ0556B,2022,7,29
412865,IT*F2X*EF2XITD2102*2,Caponago,45.57405,9.39331,alpitronic GmbH,HYC_300_22BZ0556B - HYC_300_22BZ0556B,2022,7,29
765722,IT*F2X*EF2XITN6651*1,Campofilone,43.075143,13.842842,EVTEC,23172121 10941.1A - 23172121 10941.1A,2023,6,23
765722,IT*F2X*EF2XITN6651*2,Campofilone,43.075143,13.842842,EVTEC,23172121 10941.1A - 23172121 10941.1A,2023,6,23
765722,IT*F2X*EF2XITN6651*3,Campofilone,43.075143,13.842842,EVTEC,23172121 10941.1A - 23172121 10941.1A,2023,6,23
947901,IT*F2X*EF2XITN5151*3,Chiaravalle,43.627101,13.333993,EVTEC,23172160 10941.1A - 23172160 10941.1A,2023,11,47
476028,IT*F2X*EF2XITN5051*1,Chiaravalle,43.626774,13.334975,EVTEC,22441947 10941.1A - 22441947 10941.1A,2023,1,4
476028,IT*F2X*EF2XITN5051*2,Chiaravalle,43.626774,13.334975,EVTEC,22441947 10941.1A - 22441947 10941.1A,2023,1,4
476028,IT*F2X*EF2XITN5051*3,Chiaravalle,43.626774,13.334975,EVTEC,22441947 10941.1A - 22441947 10941.1A,2023,1,4
482320,IT*F2X*EF2XITO1001*1,Chieuti,41.909717,15.168962,alpitronic GmbH,HYC_300_22BZ0680B - HYC_300_22BZ0680B,2023,2,8
482320,IT*F2X*EF2XITO1001*2,Chieuti,41.909717,15.168962,alpitronic GmbH,HYC_300_22BZ0680B - HYC_300_22BZ0680B,2023,2,8
482321,IT*F2X*EF2XITO1002*1,Chieuti,41.909686,15.168951,alpitronic GmbH,HYC_300_22BZ0684B - HYC_300_22BZ0684B,2023,2,8
482321,IT*F2X*EF2XITO1002*2,Chieuti,41.909686,15.168951,alpitronic GmbH,HYC_300_22BZ0684B - HYC_300_22BZ0684B,2023,2,8
482322,IT*F2X*EF2XITO1051*1,Chieuti,41.909717,15.168884,EVTEC,22461955 10941.1A - 22461955 10941.1A,2023,2,8
482322,IT*F2X*EF2XITO1051*2,Chieuti,41.909717,15.168884,EVTEC,22461955 10941.1A - 22461955 10941.1A,2023,2,8
482322,IT*F2X*EF2XITO1051*3,Chieuti,41.909717,15.168884,EVTEC,22461955 10941.1A - 22461955 10941.1A,2023,2,8
903879,IT*F2X*EF2XITB2101*1,Capena,42.123209,12.616878,alpitronic GmbH,HYC_300_23BZ1033B - HYC_300_23BZ1033B,0,0,0
903879,IT*F2X*EF2XITB2101*2,Capena,42.123209,12.616878,alpitronic GmbH,HYC_300_23BZ1033B - HYC_300_23BZ1033B,0,0,0
903880,IT*F2X*EF2XITB2102*1,Capena,42.123278,12.616865,alpitronic GmbH,HYC_300_23BZ1032B - HYC_300_23BZ1032B,2023,7,27
482325,IT*F2X*EF2XITA8551*1,Fabro,42.875865,12.019143,EVTEC,23032059 10941.1A - 23032059 10941.1A,2023,2,8
482325,IT*F2X*EF2XITA8551*2,Fabro,42.875865,12.019143,EVTEC,23032059 10941.1A - 23032059 10941.1A,2023,2,8
482325,IT*F2X*EF2XITA8551*3,Fabro,42.875865,12.019143,EVTEC,23032059 10941.1A - 23032059 10941.1A,2023,2,8
903881,IT*F2X*EF2XITB2151*1,Capena,42.123164,12.616923,EVTEC,23072072 10941.1A - 23072072 10941.1A,2023,7,27
903881,IT*F2X*EF2XITB2151*2,Capena,42.123164,12.616923,EVTEC,23072072 10941.1A - 23072072 10941.1A,2023,7,27
903881,IT*F2X*EF2XITB2151*3,Capena,42.123164,12.616923,EVTEC,23072072 10941.1A - 23072072 10941.1A,2023,7,27
580919,IT*F2X*EF2XITX2001*1,Belforte Monferrato,44.591343,8.665681,alpitronic GmbH,HYC_300_22BZ6968B - HYC_300_22BZ6968B,2023,4,16
580919,IT*F2X*EF2XITX2001*2,Belforte Monferrato,44.591343,8.665681,alpitronic GmbH,HYC_300_22BZ6968B - HYC_300_22BZ6968B,2023,4,16
580920,IT*F2X*EF2XITX2002*1,Belforte Monferrato,44.59141,8.665706,alpitronic GmbH,HYC_300_22BZ6981B - HYC_300_22BZ6981B,2023,4,16
580920,IT*F2X*EF2XITX2002*2,Belforte Monferrato,44.59141,8.665706,alpitronic GmbH,HYC_300_22BZ6981B - HYC_300_22BZ6981B,2023,4,16
406354,IT*F2X*EF2XITH3101*1,Cascine Maggio,45.762983,8.809624,alpitronic GmbH,HYC_300_22BZ0666B - HYC_300_22BZ0666B,2022,7,28
406354,IT*F2X*EF2XITH3101*2,Cascine Maggio,45.762983,8.809624,alpitronic GmbH,HYC_300_22BZ0666B - HYC_300_22BZ0666B,2022,7,28
406355,IT*F2X*EF2XITH3102*1,Cascine Maggio,45.762915,8.809618,alpitronic GmbH,HYC_300_22BZ1158B - HYC_300_22BZ1158B,2022,7,28
406355,IT*F2X*EF2XITH3102*2,Cascine Maggio,45.762915,8.809618,alpitronic GmbH,HYC_300_22BZ1158B - HYC_300_22BZ1158B,2022,7,28
1017300,IT*F2X*EF2XITA3501*1,Casalecchio di Reno,44.456656,11.280327,alpitronic GmbH,HYC_300_23BZ1508B - HYC_300_23BZ1508B,2024,7,27
1017300,IT*F2X*EF2XITA3501*2,Casalecchio di Reno,44.456656,11.280327,alpitronic GmbH,HYC_300_23BZ1508B - HYC_300_23BZ1508B,2024,7,27
1017301,IT*F2X*EF2XITA3502*1,Casalecchio di Reno,44.4566,11.280372,alpitronic GmbH,HYC_300_23BZ1499B - HYC_300_23BZ1499B,2024,7,27
1017301,IT*F2X*EF2XITA3502*2,Casalecchio di Reno,44.4566,11.280372,alpitronic GmbH,HYC_300_23BZ1499B - HYC_300_23BZ1499B,2024,7,27
381881,IT*F2X*EF2XITD2001*1,Caponago,45.57584,9.39376,alpitronic GmbH,HYC_300_21BZ3103B - HYC_300_21BZ3103B,0,0,0
448796,IT*F2X*EF2XITB2502*1,Roma,41.891269,12.759088,alpitronic GmbH,HYC_300_22BZ3003B - HYC_300_22BZ3003B,2023,1,1
448796,IT*F2X*EF2XITB2502*2,Roma,41.891269,12.759088,alpitronic GmbH,HYC_300_22BZ3003B - HYC_300_22BZ3003B,2023,1,1
475845,IT*F2X*EF2XITM2051*3,Ferrara,44.879292,11.570791,EVTEC,22481970 10941.1A - 22481970 10941.1A,2023,1,4
446020,IT*F2X*EF2XITB2501*1,Roma,41.891249,12.75905,alpitronic GmbH,HYC_300_22BZ3020B - HYC_300_22BZ3020B,2022,12,52
446020,IT*F2X*EF2XITB2501*2,Roma,41.891249,12.75905,alpitronic GmbH,HYC_300_22BZ3020B - HYC_300_22BZ3020B,2022,12,52
381881,IT*F2X*EF2XITD2001*2,Caponago,45.57584,9.39376,alpitronic GmbH,HYC_300_21BZ3103B - HYC_300_21BZ3103B,0,0,0
381882,IT*F2X*EF2XITD2002*1,Caponago,45.57585,9.39382,alpitronic GmbH,HYC_300_21BZ3096B - HYC_300_21BZ3096B,0,0,0
446023,IT*F2X*EF2XITB2551*1,Roma,41.891073,12.759,EVTEC,22401923 10941.1A - 22401923 10941.1A,2022,12,52
381882,IT*F2X*EF2XITD2002*2,Caponago,45.57585,9.39382,alpitronic GmbH,HYC_300_21BZ3096B - HYC_300_21BZ3096B,0,0,0
424014,IT*F2X*EF2XITN8151*1,Torre Cerrano,42.530677,14.124067,EVTEC,22261388 10941.0B - 22261388 10941.0B,2022,10,40
424014,IT*F2X*EF2XITN8151*2,Torre Cerrano,42.530677,14.124067,EVTEC,22261388 10941.0B - 22261388 10941.0B,2022,10,40
424014,IT*F2X*EF2XITN8151*3,Torre Cerrano,42.530677,14.124067,EVTEC,22261388 10941.0B - 22261388 10941.0B,2022,10,40
446023,IT*F2X*EF2XITB2551*2,Roma,41.891073,12.759,EVTEC,22401923 10941.1A - 22401923 10941.1A,2022,12,52
446023,IT*F2X*EF2XITB2551*3,Roma,41.891073,12.759,EVTEC,22401923 10941.1A - 22401923 10941.1A,2022,12,52
483277,IT*F2X*EF2XITP4151*1,Vallata,41.064668,15.314502,EVTEC,23021993 10941.1A - 23021993 10941.1A,2023,3,9
480583,IT*F2X*EF2XITA3001*1,Modena,44.662303,10.858004,alpitronic GmbH,HYC_300_21BZ2781B - HYC_300_21BZ2781B,2023,2,7
480583,IT*F2X*EF2XITA3001*2,Modena,44.662303,10.858004,alpitronic GmbH,HYC_300_21BZ2781B - HYC_300_21BZ2781B,2023,2,7
480584,IT*F2X*EF2XITA3002*1,Modena,44.662299,10.857972,alpitronic GmbH,HYC_300_21BZ2727B - HYC_300_21BZ2727B,2023,2,7
480584,IT*F2X*EF2XITA3002*2,Modena,44.662299,10.857972,alpitronic GmbH,HYC_300_21BZ2727B - HYC_300_21BZ2727B,2023,2,7
405673,IT*F2X*EF2XITH3001*1,Cascine Maggio,45.762379,8.810866,alpitronic GmbH,HYC_300_22BZ0562B - HYC_300_22BZ0562B,2022,7,28
405673,IT*F2X*EF2XITH3001*2,Cascine Maggio,45.762379,8.810866,alpitronic GmbH,HYC_300_22BZ0562B - HYC_300_22BZ0562B,2022,7,28
405674,IT*F2X*EF2XITH3002*1,Cascine Maggio,45.762405,8.81087,alpitronic GmbH,HYC_300_22BZ1156B - HYC_300_22BZ1156B,2022,7,28
405674,IT*F2X*EF2XITH3002*2,Cascine Maggio,45.762405,8.81087,alpitronic GmbH,HYC_300_22BZ1156B - HYC_300_22BZ1156B,2022,7,28
419188,IT*F2X*EF2XITLINC03*1,Milano,45.461865,9.276166,alpitronic GmbH,HYC_300_22BZ0671B - HYC_300_22BZ0671B,0,0,0
419188,IT*F2X*EF2XITLINC03*2,Milano,45.461865,9.276166,alpitronic GmbH,HYC_300_22BZ0671B - HYC_300_22BZ0671B,0,0,0
480585,IT*F2X*EF2XITA3051*1,Modena,44.66244,10.858156,alpitronic GmbH,HYC_150_21BZ2008A - HYC_150_21BZ2008A,2023,2,7
480585,IT*F2X*EF2XITA3051*2,Modena,44.66244,10.858156,alpitronic GmbH,HYC_150_21BZ2008A - HYC_150_21BZ2008A,2023,2,7
1020629,IT*F2X*EF2XITA9003*1,Civitella D'agliano,42.623415,12.232488,alpitronic GmbH,HYC_400_24BZ5260D - HYC_400_24BZ5260D,2024,7,29
1020629,IT*F2X*EF2XITA9003*2,Civitella D'agliano,42.623415,12.232488,alpitronic GmbH,HYC_400_24BZ5260D - HYC_400_24BZ5260D,2024,7,29
419191,IT*F2X*EF2XITLINC05*1,Milano,45.46187,9.275956,alpitronic GmbH,HYC_300_22BZ0686B - HYC_300_22BZ0686B,2022,9,37
419191,IT*F2X*EF2XITLINC05*2,Milano,45.46187,9.275956,alpitronic GmbH,HYC_300_22BZ0686B - HYC_300_22BZ0686B,2022,9,37
482348,IT*F2X*EF2XITA8651*1,Fabro,42.876654,12.017233,EVTEC,23032060 10941.1A - 23032060 10941.1A,2023,2,8
482348,IT*F2X*EF2XITA8651*2,Fabro,42.876654,12.017233,EVTEC,23032060 10941.1A - 23032060 10941.1A,2023,2,8
482348,IT*F2X*EF2XITA8651*3,Fabro,42.876654,12.017233,EVTEC,23032060 10941.1A - 23032060 10941.1A,2023,2,8
403126,IT*F2X*EF2XITA1001*1,Melegnano,45.321512,9.37723,alpitronic GmbH,HYC_300_22BZ0558B - HYC_300_22BZ0558B,2022,8,34
403126,IT*F2X*EF2XITA1001*2,Melegnano,45.321512,9.37723,alpitronic GmbH,HYC_300_22BZ0558B - HYC_300_22BZ0558B,2022,8,34
403127,IT*F2X*EF2XITA1002*1,Melegnano,45.32147,9.377177,alpitronic GmbH,HYC_300_22BZ0668B - HYC_300_22BZ0668B,2022,7,26
403127,IT*F2X*EF2XITA1002*2,Melegnano,45.32147,9.377177,alpitronic GmbH,HYC_300_22BZ0668B - HYC_300_22BZ0668B,2022,7,26
1014273,IT*F2X*EF2XITN3604*2,Riccione,43.994404,12.618473,alpitronic GmbH,HYC_400_24BZ5256D - HYC_400_24BZ5256D,2024,6,26
1014274,IT*F2X*EF2XITM2003*1,Ferrara,44.879328,11.570735,alpitronic GmbH,HYC_400_24BZ4453D - HYC_400_24BZ4453D,2024,6,26
1014274,IT*F2X*EF2XITM2003*2,Ferrara,44.879328,11.570735,alpitronic GmbH,HYC_400_24BZ4453D - HYC_400_24BZ4453D,2024,6,26
1014275,IT*F2X*EF2XITM2004*1,Ferrara,44.879328,11.570781,alpitronic GmbH,HYC_400_24BZ5277D - HYC_400_24BZ5277D,2024,6,26
579166,IT*F2X*EF2XITN1051*1,Castel San Pietro Terme,44.429416,11.600241,EVTEC,23092091 10941.1A - 23092091 10941.1A,2023,4,14
579166,IT*F2X*EF2XITN1051*2,Castel San Pietro Terme,44.429416,11.600241,EVTEC,23092091 10941.1A - 23092091 10941.1A,2023,4,14
579166,IT*F2X*EF2XITN1051*3,Castel San Pietro Terme,44.429416,11.600241,EVTEC,23092091 10941.1A - 23092091 10941.1A,2023,4,14
579167,IT*F2X*EF2XITN1001*1,Castel San Pietro Terme,44.42926,11.600198,alpitronic GmbH,HYC_300_22BZ3008B - HYC_300_22BZ3008B,2023,4,14
579167,IT*F2X*EF2XITN1001*2,Castel San Pietro Terme,44.42926,11.600198,alpitronic GmbH,HYC_300_22BZ3008B - HYC_300_22BZ3008B,2023,4,14
579168,IT*F2X*EF2XITN1002*1,Castel San Pietro Terme,44.429218,11.600174,alpitronic GmbH,HYC_300_22BZ3007B - HYC_300_22BZ3007B,2023,4,14
579168,IT*F2X*EF2XITN1002*2,Castel San Pietro Terme,44.429218,11.600174,alpitronic GmbH,HYC_300_22BZ3007B - HYC_300_22BZ3007B,2023,4,14
1014275,IT*F2X*EF2XITM2004*2,Ferrara,44.879328,11.570781,alpitronic GmbH,HYC_400_24BZ5277D - HYC_400_24BZ5277D,2024,6,26
424046,IT*F2X*EF2XITN8051*1,Torre Cerrano,42.531791,14.124218,EVTEC,22351743 10941.1A - 22351743 10941.1A,2022,10,40
424046,IT*F2X*EF2XITN8051*2,Torre Cerrano,42.531791,14.124218,EVTEC,22351743 10941.1A - 22351743 10941.1A,2022,10,40
424046,IT*F2X*EF2XITN8051*3,Torre Cerrano,42.531791,14.124218,EVTEC,22351743 10941.1A - 22351743 10941.1A,2022,10,40
444658,IT*F2X*EF2XITB4002*1,Anagni,41.686526,13.188619,alpitronic GmbH,HYC_300_22BZ5326B - HYC_300_22BZ5326B,0,0,0
444658,IT*F2X*EF2XITB4002*2,Anagni,41.686526,13.188619,alpitronic GmbH,HYC_300_22BZ5326B - HYC_300_22BZ5326B,0,0,0
444659,IT*F2X*EF2XITB4001*1,Anagni,41.686553,13.188656,alpitronic GmbH,HYC_300_22BZ5325B - HYC_300_22BZ5325B,2022,12,51
444659,IT*F2X*EF2XITB4001*2,Anagni,41.686553,13.188656,alpitronic GmbH,HYC_300_22BZ5325B - HYC_300_22BZ5325B,2022,12,51
581003,IT*F2X*EF2XITA7001*1,Civitella In Val di Chiana,43.405595,11.763815,alpitronic GmbH,HYC_300_22BZ6982B - HYC_300_22BZ6982B,2023,4,16
581003,IT*F2X*EF2XITA7001*2,Civitella In Val di Chiana,43.405595,11.763815,alpitronic GmbH,HYC_300_22BZ6982B - HYC_300_22BZ6982B,2023,4,16
581004,IT*F2X*EF2XITA7002*1,Civitella In Val di Chiana,43.40554,11.763788,alpitronic GmbH,HYC_300_22BZ5324B - HYC_300_22BZ5324B,0,0,0
581004,IT*F2X*EF2XITA7002*2,Civitella In Val di Chiana,43.40554,11.763788,alpitronic GmbH,HYC_300_22BZ5324B - HYC_300_22BZ5324B,0,0,0
581005,IT*F2X*EF2XITA7051*1,Civitella In Val di Chiana,43.405595,11.763815,EVTEC,22491972 10941.1A - 22491972 10941.1A,2023,4,16
581005,IT*F2X*EF2XITA7051*2,Civitella In Val di Chiana,43.405595,11.763815,EVTEC,22491972 10941.1A - 22491972 10941.1A,2023,4,16
581005,IT*F2X*EF2XITA7051*3,Civitella In Val di Chiana,43.405595,11.763815,EVTEC,22491972 10941.1A - 22491972 10941.1A,2023,4,16
620245,IT*F2X*EF2XITA7101*1,Civitella In Val di Chiana,43.407976,11.762806,alpitronic GmbH,HYC_300_22BZ6973B - HYC_300_22BZ6973B,2023,5,19
620245,IT*F2X*EF2XITA7101*2,Civitella In Val di Chiana,43.407976,11.762806,alpitronic GmbH,HYC_300_22BZ6973B - HYC_300_22BZ6973B,2023,5,19
620246,IT*F2X*EF2XITA7102*1,Civitella In Val di Chiana,43.407978,11.762863,alpitronic GmbH,HYC_300_22BZ6972B - HYC_300_22BZ6972B,2023,5,19
620246,IT*F2X*EF2XITA7102*2,Civitella In Val di Chiana,43.407978,11.762863,alpitronic GmbH,HYC_300_22BZ6972B - HYC_300_22BZ6972B,2023,5,19
620248,IT*F2X*EF2XITA7151*1,Civitella In Val di Chiana,43.408129,11.76261,EVTEC,22501971 10941.1A - 22501971 10941.1A,2023,5,19
620248,IT*F2X*EF2XITA7151*2,Civitella In Val di Chiana,43.408129,11.76261,EVTEC,22501971 10941.1A - 22501971 10941.1A,2023,5,19
620248,IT*F2X*EF2XITA7151*3,Civitella In Val di Chiana,43.408129,11.76261,EVTEC,22501971 10941.1A - 22501971 10941.1A,2023,5,19
620249,IT*F2X*EF2XITM1002*1,Bentivoglio,44.621103,11.419783,alpitronic GmbH,HYC_300_22BZ6978B - HYC_300_22BZ6978B,2023,6,23
404372,IT*F2X*EF2XITN3651*1,Riccione,43.994228,12.61838,EVTEC,22201385 10941.0B - 22201385 10941.0B,2022,7,27
404372,IT*F2X*EF2XITN3651*2,Riccione,43.994228,12.61838,EVTEC,22201385 10941.0B - 22201385 10941.0B,2022,7,27
404372,IT*F2X*EF2XITN3651*3,Riccione,43.994228,12.61838,EVTEC,22201385 10941.0B - 22201385 10941.0B,2022,7,27
579194,IT*F2X*EF2XITN1101*1,Castel San Pietro Terme,44.427775,11.599347,alpitronic GmbH,HYC_400_24BZ5258D - HYC_400_24BZ5258D,2023,4,14
579194,IT*F2X*EF2XITN1101*2,Castel San Pietro Terme,44.427775,11.599347,alpitronic GmbH,HYC_400_24BZ5258D - HYC_400_24BZ5258D,2023,4,14
579195,IT*F2X*EF2XITN1102*1,Castel San Pietro Terme,44.4278,11.599364,alpitronic GmbH,HYC_300_22BZ2238B - HYC_300_22BZ2238B,2023,4,14
579195,IT*F2X*EF2XITN1102*2,Castel San Pietro Terme,44.4278,11.599364,alpitronic GmbH,HYC_300_22BZ2238B - HYC_300_22BZ2238B,2023,4,14
579196,IT*F2X*EF2XITN1151*1,Castel San Pietro Terme,44.427628,11.599236,EVTEC,23092087 10941.1A - 23092087 10941.1A,2023,4,14
422088,IT*F2X*EF2XITN8001*1,Torre Cerrano,42.531713,14.12447,alpitronic GmbH,HYC_300_22BZ0689B - HYC_300_22BZ0689B,2022,9,38
422088,IT*F2X*EF2XITN8001*2,Torre Cerrano,42.531713,14.12447,alpitronic GmbH,HYC_300_22BZ0689B - HYC_300_22BZ0689B,2022,9,38
422089,IT*F2X*EF2XITN8002*1,Torre Cerrano,42.531736,14.124386,alpitronic GmbH,HYC_300_22BZ0688B - HYC_300_22BZ0688B,2022,9,38
422089,IT*F2X*EF2XITN8002*2,Torre Cerrano,42.531736,14.124386,alpitronic GmbH,HYC_300_22BZ0688B - HYC_300_22BZ0688B,2022,9,38
579196,IT*F2X*EF2XITN1151*2,Castel San Pietro Terme,44.427628,11.599236,EVTEC,23092087 10941.1A - 23092087 10941.1A,2023,4,14
579196,IT*F2X*EF2XITN1151*3,Castel San Pietro Terme,44.427628,11.599236,EVTEC,23092087 10941.1A - 23092087 10941.1A,2023,4,14
620251,IT*F2X*EF2XITM1001*2,Bentivoglio,44.621103,11.419783,alpitronic GmbH,HYC_300_22BZ5322B - HYC_300_22BZ5322B,2023,5,19
620253,IT*F2X*EF2XITY3001*1,Casale sul Sile,45.607796,12.298567,alpitronic GmbH,HYC_300_22BZ3002B - HYC_300_22BZ3002B,2023,5,19
620253,IT*F2X*EF2XITY3001*2,Casale sul Sile,45.607796,12.298567,alpitronic GmbH,HYC_300_22BZ3002B - HYC_300_22BZ3002B,2023,5,19
620254,IT*F2X*EF2XITY3002*1,Casale sul Sile,45.607797,12.298652,alpitronic GmbH,HYC_300_22BZ0672B - HYC_300_22BZ0672B,2023,5,19
620254,IT*F2X*EF2XITY3002*2,Casale sul Sile,45.607797,12.298652,alpitronic GmbH,HYC_300_22BZ0672B - HYC_300_22BZ0672B,2023,5,19
620255,IT*F2X*EF2XITY3051*1,Casale sul Sile,45.607532,12.298706,EVTEC,23112073 10941.1A - 23112073 10941.1A,2023,5,19
620255,IT*F2X*EF2XITY3051*2,Casale sul Sile,45.607532,12.298706,EVTEC,23112073 10941.1A - 23112073 10941.1A,2023,5,19
620255,IT*F2X*EF2XITY3051*3,Casale sul Sile,45.607532,12.298706,EVTEC,23112073 10941.1A - 23112073 10941.1A,2023,5,19
620258,IT*F2X*EF2XITO1101*1,Chieuti,41.908914,15.168433,alpitronic GmbH,HYC_300_22BZ0681B - HYC_300_22BZ0681B,2023,5,19
620258,IT*F2X*EF2XITO1101*2,Chieuti,41.908914,15.168433,alpitronic GmbH,HYC_300_22BZ0681B - HYC_300_22BZ0681B,2023,5,19
620259,IT*F2X*EF2XITO1102*1,Chieuti,41.908932,15.168601,alpitronic GmbH,HYC_300_22BZ0683B - HYC_300_22BZ0683B,2023,5,19
620259,IT*F2X*EF2XITO1102*2,Chieuti,41.908932,15.168601,alpitronic GmbH,HYC_300_22BZ0683B - HYC_300_22BZ0683B,2023,5,19
620260,IT*F2X*EF2XITO1151*1,Chieuti,41.908973,15.168712,EVTEC,22471954 10941.1A - 22471954 10941.1A,2023,5,19
620260,IT*F2X*EF2XITO1151*2,Chieuti,41.908973,15.168712,EVTEC,22471954 10941.1A - 22471954 10941.1A,2023,5,19
620260,IT*F2X*EF2XITO1151*3,Chieuti,41.908973,15.168712,EVTEC,22471954 10941.1A - 22471954 10941.1A,2023,5,19
481645,IT*F2X*EF2XITB2601*1,Roma,41.889533,12.758343,alpitronic GmbH,HYC_300_22BZ3019B - HYC_300_22BZ3019B,2023,2,7
481645,IT*F2X*EF2XITB2601*2,Roma,41.889533,12.758343,alpitronic GmbH,HYC_300_22BZ3019B - HYC_300_22BZ3019B,2023,2,7
481646,IT*F2X*EF2XITB2602*1,Roma,41.889566,12.758418,alpitronic GmbH,HYC_300_22BZ3017B - HYC_300_22BZ3017B,2023,2,7
481646,IT*F2X*EF2XITB2602*2,Roma,41.889566,12.758418,alpitronic GmbH,HYC_300_22BZ3017B - HYC_300_22BZ3017B,2023,2,7
1024709,IT*F2X*EF2XITX2003*1,Belforte Monferrato,44.591463,8.665741,alpitronic GmbH,HYC_300_24BZ1707B - HYC_300_24BZ1707B,2024,7,30
1024709,IT*F2X*EF2XITX2003*2,Belforte Monferrato,44.591463,8.665741,alpitronic GmbH,HYC_300_24BZ1707B - HYC_300_24BZ1707B,2024,7,30
1024710,IT*F2X*EF2XITX2004*1,Belforte Monferrato,44.591528,8.66577,alpitronic GmbH,HYC_300_24BZ1714B - HYC_300_24BZ1714B,2024,7,30
1024710,IT*F2X*EF2XITX2004*2,Belforte Monferrato,44.591528,8.66577,alpitronic GmbH,HYC_300_24BZ1714B - HYC_300_24BZ1714B,2024,7,30
909477,IT*F2X*EF2XITD0102*1,Novate Milanese,45.530277,9.14942,alpitronic GmbH,HYC_300_23BZ1516B - HYC_300_23BZ1516B,0,0,0
909477,IT*F2X*EF2XITD0102*2,Novate Milanese,45.530277,9.14942,alpitronic GmbH,HYC_300_23BZ1516B - HYC_300_23BZ1516B,0,0,0
909478,IT*F2X*EF2XITD0101*1,Novate Milanese,45.5303,9.14942,alpitronic GmbH,HYC_300_23BZ1505B - HYC_300_23BZ1505B,0,0,0
909478,IT*F2X*EF2XITD0101*2,Novate Milanese,45.5303,9.14942,alpitronic GmbH,HYC_300_23BZ1505B - HYC_300_23BZ1505B,0,0,0
1014238,IT*F2X*EF2XITN0503*1,Bologna,44.519363,11.214104,Unknown,Unknown,2024,6,26
909480,IT*F2X*EF2XITD0151*1,Novate Milanese,45.530433,9.149317,EVTEC,23192166 10941.1A - 23192166 10941.1A,0,0,0
909480,IT*F2X*EF2XITD0151*2,Novate Milanese,45.530433,9.149317,EVTEC,23192166 10941.1A - 23192166 10941.1A,0,0,0
909480,IT*F2X*EF2XITD0151*3,Novate Milanese,45.530433,9.149317,EVTEC,23192166 10941.1A - 23192166 10941.1A,0,0,0
987324,IT*F2X*EF2XITH1001*1,Lainate,45.558978,9.042351,alpitronic GmbH,HYC_300_23BZ0053B - HYC_300_23BZ0053B,2024,4,14
987324,IT*F2X*EF2XITH1001*2,Lainate,45.558978,9.042351,alpitronic GmbH,HYC_300_23BZ0053B - HYC_300_23BZ0053B,2024,4,14
987325,IT*F2X*EF2XITH1002*1,Lainate,45.558944,9.042353,alpitronic GmbH,HYC_300_23BZ0058B - HYC_300_23BZ0058B,2024,4,14
987325,IT*F2X*EF2XITH1002*2,Lainate,45.558944,9.042353,alpitronic GmbH,HYC_300_23BZ0058B - HYC_300_23BZ0058B,2024,4,14
987326,IT*F2X*EF2XITH1051*1,Lainate,45.559054,9.042329,EVTEC,23192203 10941.1A - 23192203 10941.1A,2024,4,14
987326,IT*F2X*EF2XITH1051*2,Lainate,45.559054,9.042329,EVTEC,23192203 10941.1A - 23192203 10941.1A,2024,4,14
987326,IT*F2X*EF2XITH1051*3,Lainate,45.559054,9.042329,EVTEC,23192203 10941.1A - 23192203 10941.1A,2024,4,14
1014239,IT*F2X*EF2XITN0504*1,Bologna,44.519366,11.214183,alpitronic GmbH,HYC_400_24BZ4448D - HYC_400_24BZ4448D,2024,6,26
1014239,IT*F2X*EF2XITN0504*2,Bologna,44.519366,11.214183,alpitronic GmbH,HYC_400_24BZ4448D - HYC_400_24BZ4448D,2024,6,26
1014240,IT*F2X*EF2XITN0603*1,Zola Predosa,44.518367,11.214225,Unknown,Unknown,2024,6,26
1014240,IT*F2X*EF2XITN0603*2,Zola Predosa,44.518367,11.214225,Unknown,Unknown,2024,6,26
1014241,IT*F2X*EF2XITN0604*1,Zola Predosa,44.518376,11.214226,Unknown,Unknown,2024,6,26
1014241,IT*F2X*EF2XITN0604*2,Zola Predosa,44.518376,11.214226,Unknown,Unknown,2024,6,26
415131,IT*F2X*EF2XITB5151*1,Teano,41.23376,14.091779,EVTEC,22261386 10941.0B - 22261386 10941.0B,2022,8,32
415131,IT*F2X*EF2XITB5151*2,Teano,41.23376,14.091779,EVTEC,22261386 10941.0B - 22261386 10941.0B,2022,8,32
415131,IT*F2X*EF2XITB5151*3,Teano,41.23376,14.091779,EVTEC,22261386 10941.0B - 22261386 10941.0B,2022,8,32
415134,IT*F2X*EF2XITP2002*1,Avellino,40.926719,14.783162,alpitronic GmbH,HYC_300_22BZ0687B - HYC_300_22BZ0687B,0,0,0
415134,IT*F2X*EF2XITP2002*2,Avellino,40.926719,14.783162,alpitronic GmbH,HYC_300_22BZ0687B - HYC_300_22BZ0687B,0,0,0
415135,IT*F2X*EF2XITP2001*1,Avellino,40.926673,14.783092,alpitronic GmbH,HYC_300_22BZ0685B - HYC_300_22BZ0685B,0,0,0
415135,IT*F2X*EF2XITP2001*2,Avellino,40.926673,14.783092,alpitronic GmbH,HYC_300_22BZ0685B - HYC_300_22BZ0685B,0,0,0
475499,IT*F2X*EF2XITL9102*1,Genova,44.392354,9.045146,alpitronic GmbH,HYC_300_22BZ3004B - HYC_300_22BZ3004B,2023,1,3
475499,IT*F2X*EF2XITL9102*2,Genova,44.392354,9.045146,alpitronic GmbH,HYC_300_22BZ3004B - HYC_300_22BZ3004B,2023,1,3
479774,IT*F2X*EF2XITB4051*1,Anagni,41.686784,13.188454,EVTEC,22511979 10941.1A - 22511979 10941.1A,2023,2,5
579242,IT*F2X*EF2XITI1001*1,Cadorago,45.728993,9.028775,alpitronic GmbH,HYC_300_22BZ0659B - HYC_300_22BZ0659B,2023,4,14
579242,IT*F2X*EF2XITI1001*2,Cadorago,45.728993,9.028775,alpitronic GmbH,HYC_300_22BZ0659B - HYC_300_22BZ0659B,2023,4,14
579243,IT*F2X*EF2XITI1002*1,Cadorago,45.729017,9.028915,alpitronic GmbH,HYC_300_22BZ0658B - HYC_300_22BZ0658B,2023,4,14
579243,IT*F2X*EF2XITI1002*2,Cadorago,45.729017,9.028915,alpitronic GmbH,HYC_300_22BZ0658B - HYC_300_22BZ0658B,2023,4,14
1024699,IT*F2X*EF2XITX2103*1,Belforte Monferrato,44.592331,8.664828,alpitronic GmbH,HYC_300_24BZ1705B - HYC_300_24BZ1705B,2024,7,30
1024699,IT*F2X*EF2XITX2103*2,Belforte Monferrato,44.592331,8.664828,alpitronic GmbH,HYC_300_24BZ1705B - HYC_300_24BZ1705B,2024,7,30
1024700,IT*F2X*EF2XITX2104*1,Belforte Monferrato,44.592393,8.664861,alpitronic GmbH,HYC_300_24BZ1694B - HYC_300_24BZ1694B,2024,7,30
1030173,IT*F2X*EF2XITA7103*1,Civitella In Val di Chiana,43.407908,11.762828,Unknown,Unknown,2024,7,31
414393,IT*F2X*EF2XITLINP01*1,Milano,45.45354,9.26075,alpitronic GmbH,HYC_150_22BZ0980A - HYC_150_22BZ0980A,0,0,0
414393,IT*F2X*EF2XITLINP01*2,Milano,45.45354,9.26075,alpitronic GmbH,HYC_150_22BZ0980A - HYC_150_22BZ0980A,0,0,0
414394,IT*F2X*EF2XITLINP51*1,Milano,45.45359,9.2607,FIMER SPA,P58769,0,0,0
414394,IT*F2X*EF2XITLINP51*2,Milano,45.45359,9.2607,FIMER SPA,P58769,0,0,0
1024700,IT*F2X*EF2XITX2104*2,Belforte Monferrato,44.592393,8.664861,alpitronic GmbH,HYC_300_24BZ1694B - HYC_300_24BZ1694B,2024,7,30
1030173,IT*F2X*EF2XITA7103*2,Civitella In Val di Chiana,43.407908,11.762828,Unknown,Unknown,2024,7,31
381251,IT*F2X*EF2XITB5101*1,Teano,41.23408,14.09174,alpitronic GmbH,HYC_300_21BZ3101B - HYC_300_21BZ3101B,0,0,0
381251,IT*F2X*EF2XITB5101*2,Teano,41.23408,14.09174,alpitronic GmbH,HYC_300_21BZ3101B - HYC_300_21BZ3101B,0,0,0
381252,IT*F2X*EF2XITB5102*1,Teano,41.23402,14.09175,alpitronic GmbH,HYC_300_21BZ3100B - HYC_300_21BZ3100B,0,0,0
381252,IT*F2X*EF2XITB5102*2,Teano,41.23402,14.09175,alpitronic GmbH,HYC_300_21BZ3100B - HYC_300_21BZ3100B,0,0,0
1014272,IT*F2X*EF2XITN3603*1,Riccione,43.994391,12.618461,alpitronic GmbH,HYC_400_24BZ5276D - HYC_400_24BZ5276D,2024,7,27
1014272,IT*F2X*EF2XITN3603*2,Riccione,43.994391,12.618461,alpitronic GmbH,HYC_400_24BZ5276D - HYC_400_24BZ5276D,2024,7,27
396591,IT*F2X*EF2XITN8101*1,Torre Cerrano,42.53075,14.12417,alpitronic GmbH,HYC_300_22BZ0655B - HYC_300_22BZ0655B,2022,5,20
396591,IT*F2X*EF2XITN8101*2,Torre Cerrano,42.53075,14.12417,alpitronic GmbH,HYC_300_22BZ0655B - HYC_300_22BZ0655B,2022,5,20
396592,IT*F2X*EF2XITN8102*1,Torre Cerrano,42.53072,14.12426,alpitronic GmbH,HYC_300_22BZ0656B - HYC_300_22BZ0656B,2022,5,20
396592,IT*F2X*EF2XITN8102*2,Torre Cerrano,42.53072,14.12426,alpitronic GmbH,HYC_300_22BZ0656B - HYC_300_22BZ0656B,2022,5,20
449402,IT*F2X*EF2XITP2151*1,Avellino,40.925533,14.783258,EVTEC,22451952 10941.1A - 22451952 10941.1A,2023,1,2
449402,IT*F2X*EF2XITP2151*2,Avellino,40.925533,14.783258,EVTEC,22451952 10941.1A - 22451952 10941.1A,2023,1,2
449402,IT*F2X*EF2XITP2151*3,Avellino,40.925533,14.783258,EVTEC,22451952 10941.1A - 22451952 10941.1A,2023,1,2
1014273,IT*F2X*EF2XITN3604*1,Riccione,43.994404,12.618473,alpitronic GmbH,HYC_400_24BZ5256D - HYC_400_24BZ5256D,2024,6,26
480085,IT*F2X*EF2XITB4551*1,Castrocielo,41.49775,13.684146,EVTEC,22431944 10941.1A - 22431944 10941.1A,2023,2,6
480085,IT*F2X*EF2XITB4551*2,Castrocielo,41.49775,13.684146,EVTEC,22431944 10941.1A - 22431944 10941.1A,2023,2,6
480085,IT*F2X*EF2XITB4551*3,Castrocielo,41.49775,13.684146,EVTEC,22431944 10941.1A - 22431944 10941.1A,2023,2,6
480086,IT*F2X*EF2XITB4501*1,Castrocielo,41.497739,13.684173,alpitronic GmbH,HYC_300_22BZ5352B - HYC_300_22BZ5352B,2023,2,6
449406,IT*F2X*EF2XITP4101*1,Vallata,41.064711,15.314124,alpitronic GmbH,HYC_300_22BZ3015B - HYC_300_22BZ3015B,2023,1,2
449406,IT*F2X*EF2XITP4101*2,Vallata,41.064711,15.314124,alpitronic GmbH,HYC_300_22BZ3015B - HYC_300_22BZ3015B,2023,1,2
480086,IT*F2X*EF2XITB4501*2,Castrocielo,41.497739,13.684173,alpitronic GmbH,HYC_300_22BZ5352B - HYC_300_22BZ5352B,2023,2,6
480087,IT*F2X*EF2XITB4502*1,Castrocielo,41.497747,13.684229,alpitronic GmbH,HYC_300_22BZ5354B - HYC_300_22BZ5354B,2023,2,6
480087,IT*F2X*EF2XITB4502*2,Castrocielo,41.497747,13.684229,alpitronic GmbH,HYC_300_22BZ5354B - HYC_300_22BZ5354B,2023,2,6
540779,IT*F2X*EF2XITM3101*1,Costa di Rovigo,45.042081,11.709672,alpitronic GmbH,HYC_300_22BZ6970B - HYC_300_22BZ6970B,2023,3,11
540779,IT*F2X*EF2XITM3101*2,Costa di Rovigo,45.042081,11.709672,alpitronic GmbH,HYC_300_22BZ6970B - HYC_300_22BZ6970B,2023,3,11
540780,IT*F2X*EF2XITM3102*1,Costa di Rovigo,45.042081,11.709672,alpitronic GmbH,HYC_400_24BZ5271D - HYC_400_24BZ5271D,2023,3,11
540780,IT*F2X*EF2XITM3102*2,Costa di Rovigo,45.042081,11.709672,alpitronic GmbH,HYC_400_24BZ5271D - HYC_400_24BZ5271D,2023,3,11
426611,IT*F2X*EF2XITN0651*1,Zola Predosa,44.51833,11.21339,EVTEC,22371742 10941.1A - 22371742 10941.1A,2022,10,42
426611,IT*F2X*EF2XITN0651*2,Zola Predosa,44.51833,11.21339,EVTEC,22371742 10941.1A - 22371742 10941.1A,2022,10,42
426611,IT*F2X*EF2XITN0651*3,Zola Predosa,44.51833,11.21339,EVTEC,22371742 10941.1A - 22371742 10941.1A,2022,10,42
778831,IT*F2X*EF2XITN6501*1,Campofilone,43.075081,13.844133,alpitronic GmbH,HYC_300_22BZ3006B - HYC_300_22BZ3006B,2023,6,23
426616,IT*F2X*EF2XITN0551*1,Bologna,44.51962,11.21388,EVTEC,22371771 10941.1A - 22371771 10941.1A,2022,10,42
426616,IT*F2X*EF2XITN0551*2,Bologna,44.51962,11.21388,EVTEC,22371771 10941.1A - 22371771 10941.1A,2022,10,42
426616,IT*F2X*EF2XITN0551*3,Bologna,44.51962,11.21388,EVTEC,22371771 10941.1A - 22371771 10941.1A,2022,10,42
449419,IT*F2X*EF2XITO3651*1,Andria,41.250764,16.218878,EVTEC,22461953 10941.1A - 22461953 10941.1A,2023,1,2
449419,IT*F2X*EF2XITO3651*2,Andria,41.250764,16.218878,EVTEC,22461953 10941.1A - 22461953 10941.1A,2023,1,2
449419,IT*F2X*EF2XITO3651*3,Andria,41.250764,16.218878,EVTEC,22461953 10941.1A - 22461953 10941.1A,2023,1,2
778831,IT*F2X*EF2XITN6501*2,Campofilone,43.075081,13.844133,alpitronic GmbH,HYC_300_22BZ3006B - HYC_300_22BZ3006B,2023,6,23
778832,IT*F2X*EF2XITN6502*1,Campofilone,43.075146,13.844111,alpitronic GmbH,HYC_300_22BZ3009B - HYC_300_22BZ3009B,2023,6,23
778832,IT*F2X*EF2XITN6502*2,Campofilone,43.075146,13.844111,alpitronic GmbH,HYC_300_22BZ3009B - HYC_300_22BZ3009B,2023,6,23
778833,IT*F2X*EF2XITN6551*1,Campofilone,43.07504,13.844353,EVTEC,23172122 10941.1A - 23172122 10941.1A,2023,6,23
778833,IT*F2X*EF2XITN6551*2,Campofilone,43.07504,13.844353,EVTEC,23172122 10941.1A - 23172122 10941.1A,2023,6,23
778833,IT*F2X*EF2XITN6551*3,Campofilone,43.07504,13.844353,EVTEC,23172122 10941.1A - 23172122 10941.1A,2023,6,23
449437,IT*F2X*EF2XITO3551*1,Andria,41.251762,16.220455,EVTEC,22441946 10941.1A - 22441946 10941.1A,2023,1,2
449437,IT*F2X*EF2XITO3551*2,Andria,41.251762,16.220455,EVTEC,22441946 10941.1A - 22441946 10941.1A,2023,1,2
449437,IT*F2X*EF2XITO3551*3,Andria,41.251762,16.220455,EVTEC,22441946 10941.1A - 22441946 10941.1A,2023,1,2
420545,IT*F2X*EF2XITJ3001*1,Savona,44.287675,8.441118,alpitronic GmbH,HYC_300_22BZ0676B - HYC_300_22BZ0676B,2022,9,37
420545,IT*F2X*EF2XITJ3001*2,Savona,44.287675,8.441118,alpitronic GmbH,HYC_300_22BZ0676B - HYC_300_22BZ0676B,2022,9,37
420546,IT*F2X*EF2XITJ3002*1,Savona,44.287676,8.441151,alpitronic GmbH,HYC_300_22BZ0657B - HYC_300_22BZ0657B,2022,9,37
420546,IT*F2X*EF2XITJ3002*2,Savona,44.287676,8.441151,alpitronic GmbH,HYC_300_22BZ0657B - HYC_300_22BZ0657B,2022,9,37
1013302,IT*F2X*EF2XITD2104*1,Caponago,45.574202,9.393671,Unknown,Unknown,2024,6,26
1013302,IT*F2X*EF2XITD2104*2,Caponago,45.574202,9.393671,Unknown,Unknown,2024,6,26
1013303,IT*F2X*EF2XITD2103*1,Caponago,45.574048,9.393228,alpitronic GmbH,HYC_400_24BZ4454D - HYC_400_24BZ4454D,2024,6,26
1013303,IT*F2X*EF2XITD2103*2,Caponago,45.574048,9.393228,alpitronic GmbH,HYC_400_24BZ4454D - HYC_400_24BZ4454D,2024,6,26
1013309,IT*F2X*EF2XITI1104*1,Cadorago,45.729809,9.028021,Unknown,Unknown,2024,6,26
1013309,IT*F2X*EF2XITI1104*2,Cadorago,45.729809,9.028021,Unknown,Unknown,2024,6,26
1013310,IT*F2X*EF2XITI1103*1,Cadorago,45.729814,9.027998,Unknown,Unknown,2024,6,26
1013310,IT*F2X*EF2XITI1103*2,Cadorago,45.729814,9.027998,Unknown,Unknown,2024,6,26
1013311,IT*F2X*EF2XITA2103*1,Fiorenzuola d'Arda,44.962876,9.904446,alpitronic GmbH,HYC_400_24BZ5257D - HYC_400_24BZ5257D,2024,6,26
1013311,IT*F2X*EF2XITA2103*2,Fiorenzuola d'Arda,44.962876,9.904446,alpitronic GmbH,HYC_400_24BZ5257D - HYC_400_24BZ5257D,2024,6,26
1013312,IT*F2X*EF2XITA2104*1,Fiorenzuola d'Arda,44.962845,9.904528,alpitronic GmbH,HYC_400_24BZ4451D - HYC_400_24BZ4451D,2024,6,26
1013312,IT*F2X*EF2XITA2104*2,Fiorenzuola d'Arda,44.962845,9.904528,alpitronic GmbH,HYC_400_24BZ4451D - HYC_400_24BZ4451D,2024,6,26
1013313,IT*F2X*EF2XITA2003*1,Casa Nuova,44.962729,9.906592,alpitronic GmbH,HYC_400_24BZ5272D - HYC_400_24BZ5272D,2024,6,26
1013313,IT*F2X*EF2XITA2003*2,Casa Nuova,44.962729,9.906592,alpitronic GmbH,HYC_400_24BZ5272D - HYC_400_24BZ5272D,2024,6,26
1014939,IT*F2X*EF2XITM2103*1,Ferrara,44.88008,11.569063,alpitronic GmbH,HYC_400_24BZ4446D - HYC_400_24BZ4446D,2024,6,26
1014939,IT*F2X*EF2XITM2103*2,Ferrara,44.88008,11.569063,alpitronic GmbH,HYC_400_24BZ4446D - HYC_400_24BZ4446D,2024,6,26
1014940,IT*F2X*EF2XITM2104*1,Ferrara,44.880125,11.569063,alpitronic GmbH,HYC_400_24BZ4450D - HYC_400_24BZ4450D,2024,6,26
1014940,IT*F2X*EF2XITM2104*2,Ferrara,44.880125,11.569063,alpitronic GmbH,HYC_400_24BZ4450D - HYC_400_24BZ4450D,2024,6,26
443997,IT*F2X*EF2XITB4102*1,Anagni,41.686022,13.187523,alpitronic GmbH,HYC_300_22BZ5327B - HYC_300_22BZ5327B,2022,12,51
443997,IT*F2X*EF2XITB4102*2,Anagni,41.686022,13.187523,alpitronic GmbH,HYC_300_22BZ5327B - HYC_300_22BZ5327B,2022,12,51
443998,IT*F2X*EF2XITB4101*1,Anagni,41.686065,13.187462,alpitronic GmbH,HYC_300_22BZ5328B - HYC_300_22BZ5328B,2022,12,51
443998,IT*F2X*EF2XITB4101*2,Anagni,41.686065,13.187462,alpitronic GmbH,HYC_300_22BZ5328B - HYC_300_22BZ5328B,2022,12,51
483472,IT*F2X*EF2XITA1601*1,Somaglia,45.142303,9.632834,alpitronic GmbH,HYC_300_22BZ6984B - HYC_300_22BZ6984B,2023,3,9
483472,IT*F2X*EF2XITA1601*2,Somaglia,45.142303,9.632834,alpitronic GmbH,HYC_300_22BZ6984B - HYC_300_22BZ6984B,2023,3,9
1012664,IT*F2X*EF2XITB5103*1,Santa Croce,41.234115,14.091836,alpitronic GmbH,HYC_400_24BZ5269D - HYC_400_24BZ5269D,2024,6,25
1012664,IT*F2X*EF2XITB5103*2,Santa Croce,41.234115,14.091836,alpitronic GmbH,HYC_400_24BZ5269D - HYC_400_24BZ5269D,2024,6,25
1012665,IT*F2X*EF2XITB5104*1,Santa Croce,41.2341,14.091828,alpitronic GmbH,HYC_400_24BZ5262D - HYC_400_24BZ5262D,2024,6,25
1012665,IT*F2X*EF2XITB5104*2,Santa Croce,41.2341,14.091828,alpitronic GmbH,HYC_400_24BZ5262D - HYC_400_24BZ5262D,2024,6,25
421497,IT*F2X*EF2XITI1102*1,Cadorago,45.729876,9.028002,alpitronic GmbH,HYC_300_22BZ0669B - HYC_300_22BZ0669B,2022,9,38
421497,IT*F2X*EF2XITI1102*2,Cadorago,45.729876,9.028002,alpitronic GmbH,HYC_300_22BZ0669B - HYC_300_22BZ0669B,2022,9,38
421498,IT*F2X*EF2XITI1101*1,Cadorago,45.729872,9.028027,alpitronic GmbH,HYC_300_22BZ0673B - HYC_300_22BZ0673B,2022,9,38
421498,IT*F2X*EF2XITI1101*2,Cadorago,45.729872,9.028027,alpitronic GmbH,HYC_300_22BZ0673B - HYC_300_22BZ0673B,2022,9,38
404737,IT*F2X*EF2XITM2002*1,Ferrara,44.879309,11.570733,alpitronic GmbH,HYC_300_22BZ0670B - HYC_300_22BZ0670B,2022,7,27
404737,IT*F2X*EF2XITM2002*2,Ferrara,44.879309,11.570733,alpitronic GmbH,HYC_300_22BZ0670B - HYC_300_22BZ0670B,2022,7,27
1013332,IT*F2X*EF2XITCOLMI01*1,Milano,45.465491,9.175235,Unknown,Unknown,0,0,0
1013332,IT*F2X*EF2XITCOLMI01*2,Milano,45.465491,9.175235,Unknown,Unknown,0,0,0
1013333,IT*F2X*EF2XITCOLMI02*1,Milano,45.465491,9.175294,Unknown,Unknown,0,0,0
483478,IT*F2X*EF2XITA1602*1,Somaglia,45.142295,9.63287,alpitronic GmbH,HYC_300_22BZ3018B - HYC_300_22BZ3018B,2023,3,9
483478,IT*F2X*EF2XITA1602*2,Somaglia,45.142295,9.63287,alpitronic GmbH,HYC_300_22BZ3018B - HYC_300_22BZ3018B,2023,3,9
620249,IT*F2X*EF2XITM1002*2,Bentivoglio,44.621103,11.419783,alpitronic GmbH,HYC_300_22BZ6978B - HYC_300_22BZ6978B,2023,6,23
1013333,IT*F2X*EF2XITCOLMI02*2,Milano,45.465491,9.175294,Unknown,Unknown,0,0,0
1013334,IT*F2X*EF2XITCOLMI03*1,Milano,45.46549,9.175346,Unknown,Unknown,0,0,0
483480,IT*F2X*EF2XITA1651*1,Somaglia,45.142338,9.632621,EVTEC,23122088 10941.1A - 23122088 10941.1A,2023,3,9
483480,IT*F2X*EF2XITA1651*2,Somaglia,45.142338,9.632621,EVTEC,23122088 10941.1A - 23122088 10941.1A,2023,3,9
444825,IT*F2X*EF2XITN6601*1,Campofilone,43.075092,13.842841,alpitronic GmbH,HYC_300_22BZ3013B - HYC_300_22BZ3013B,0,0,0
444825,IT*F2X*EF2XITN6601*2,Campofilone,43.075092,13.842841,alpitronic GmbH,HYC_300_22BZ3013B - HYC_300_22BZ3013B,0,0,0
444826,IT*F2X*EF2XITN6602*1,Campofilone,43.074984,13.842805,alpitronic GmbH,HYC_300_22BZ3016B - HYC_300_22BZ3016B,2022,12,51
444826,IT*F2X*EF2XITN6602*2,Campofilone,43.074984,13.842805,alpitronic GmbH,HYC_300_22BZ3016B - HYC_300_22BZ3016B,2022,12,51
483480,IT*F2X*EF2XITA1651*3,Somaglia,45.142338,9.632621,EVTEC,23122088 10941.1A - 23122088 10941.1A,2023,3,9
580463,IT*F2X*EF2XITG7001*1,Ronco Scrivia,44.603742,8.953914,alpitronic GmbH,HYC_300_22BZ6987B - HYC_300_22BZ6987B,2023,4,16
580463,IT*F2X*EF2XITG7001*2,Ronco Scrivia,44.603742,8.953914,alpitronic GmbH,HYC_300_22BZ6987B - HYC_300_22BZ6987B,2023,4,16
620250,IT*F2X*EF2XITM1051*1,Bentivoglio,44.621041,11.419495,EVTEC,23142120 10941.1A - 23142120 10941.1A,0,0,0
620250,IT*F2X*EF2XITM1051*2,Bentivoglio,44.621041,11.419495,EVTEC,23142120 10941.1A - 23142120 10941.1A,0,0,0
620250,IT*F2X*EF2XITM1051*3,Bentivoglio,44.621041,11.419495,EVTEC,23142120 10941.1A - 23142120 10941.1A,0,0,0
1013337,IT*F2X*EF2XITCOLMI06*2,Milano,45.472776,9.15579,Unknown,Unknown,0,0,0
404747,IT*F2X*EF2XITM2001*1,Ferrara,44.879309,11.570733,alpitronic GmbH,HYC_300_22BZ0661B - HYC_300_22BZ0661B,2022,7,27
404747,IT*F2X*EF2XITM2001*2,Ferrara,44.879309,11.570733,alpitronic GmbH,HYC_300_22BZ0661B - HYC_300_22BZ0661B,2022,7,27
580467,IT*F2X*EF2XITG7002*1,Ronco Scrivia,44.603752,8.953927,alpitronic GmbH,HYC_300_22BZ6974B - HYC_300_22BZ6974B,2023,4,16
580467,IT*F2X*EF2XITG7002*2,Ronco Scrivia,44.603752,8.953927,alpitronic GmbH,HYC_300_22BZ6974B - HYC_300_22BZ6974B,2023,4,16
620251,IT*F2X*EF2XITM1001*1,Bentivoglio,44.621103,11.419783,alpitronic GmbH,HYC_300_22BZ5322B - HYC_300_22BZ5322B,2023,5,19
404752,IT*F2X*EF2XITM2101*1,Ferrara,44.880125,11.569063,alpitronic GmbH,HYC_300_22BZ0550B - HYC_300_22BZ0550B,2022,7,27
404752,IT*F2X*EF2XITM2101*2,Ferrara,44.880125,11.569063,alpitronic GmbH,HYC_300_22BZ0550B - HYC_300_22BZ0550B,2022,7,27
404753,IT*F2X*EF2XITM2102*1,Ferrara,44.88008,11.569063,alpitronic GmbH,HYC_300_22BZ0554B - HYC_300_22BZ0554B,2022,7,27
404753,IT*F2X*EF2XITM2102*2,Ferrara,44.88008,11.569063,alpitronic GmbH,HYC_300_22BZ0554B - HYC_300_22BZ0554B,2022,7,27
369118,IT*F2X*EF2XITA1151*1,Melegnano,45.320858,9.375379,EVTEC,21451259 15035.0A - 21451259 15035.0A,0,0,0
957773,IT*F2X*EF2XITD3001*1,Osio Sopra,45.6329,9.599531,Unknown,Unknown,2023,12,51
481767,IT*F2X*EF2XITB2651*1,Roma,41.889611,12.758468,EVTEC,22401922 10941.1A - 22401922 10941.1A,2023,2,8
481767,IT*F2X*EF2XITB2651*2,Roma,41.889611,12.758468,EVTEC,22401922 10941.1A - 22401922 10941.1A,2023,2,8
481767,IT*F2X*EF2XITB2651*3,Roma,41.889611,12.758468,EVTEC,22401922 10941.1A - 22401922 10941.1A,2023,2,8
957773,IT*F2X*EF2XITD3001*2,Osio Sopra,45.6329,9.599531,Unknown,Unknown,2023,12,51
957774,IT*F2X*EF2XITD3002*1,Osio Sopra,45.632842,9.599435,Unknown,Unknown,2023,12,51
957774,IT*F2X*EF2XITD3002*2,Osio Sopra,45.632842,9.599435,Unknown,Unknown,2023,12,51
957775,IT*F2X*EF2XITD3051*1,Osio Sopra,45.632936,9.599632,Unknown,Unknown,2023,12,51
957775,IT*F2X*EF2XITD3051*2,Osio Sopra,45.632936,9.599632,Unknown,Unknown,2023,12,51
957775,IT*F2X*EF2XITD3051*3,Osio Sopra,45.632936,9.599632,Unknown,Unknown,2023,12,51
445331,IT*F2X*EF2XITK1101*1,Sesto Fiorentino,43.818725,11.172365,alpitronic GmbH,HYC_300_22BZ0665B - HYC_300_22BZ0665B,2022,12,52
445331,IT*F2X*EF2XITK1101*2,Sesto Fiorentino,43.818725,11.172365,alpitronic GmbH,HYC_300_22BZ0665B - HYC_300_22BZ0665B,2022,12,52
445333,IT*F2X*EF2XITK1102*1,Sesto Fiorentino,43.818687,11.172426,alpitronic GmbH,HYC_300_22BZ0660B - HYC_300_22BZ0660B,2022,12,52
445333,IT*F2X*EF2XITK1102*2,Sesto Fiorentino,43.818687,11.172426,alpitronic GmbH,HYC_300_22BZ0660B - HYC_300_22BZ0660B,2022,12,52
414519,IT*F2X*EF2XITD2151*1,Caponago,45.57403,9.39375,EVTEC,22261389 10941.0B - 22261389 10941.0B,0,0,0
414519,IT*F2X*EF2XITD2151*2,Caponago,45.57403,9.39375,EVTEC,22261389 10941.0B - 22261389 10941.0B,0,0,0
414519,IT*F2X*EF2XITD2151*3,Caponago,45.57403,9.39375,EVTEC,22261389 10941.0B - 22261389 10941.0B,0,0,0
445345,IT*F2X*EF2XITA5502*1,Firenze,43.831821,11.16024,alpitronic GmbH,HYC_300_22BZ0679B - HYC_300_22BZ0679B,2022,12,52
445345,IT*F2X*EF2XITA5502*2,Firenze,43.831821,11.16024,alpitronic GmbH,HYC_300_22BZ0679B - HYC_300_22BZ0679B,2022,12,52
445346,IT*F2X*EF2XITA5501*1,Firenze,43.831844,11.160295,alpitronic GmbH,HYC_300_22BZ0674B - HYC_300_22BZ0674B,2022,12,52
445346,IT*F2X*EF2XITA5501*2,Firenze,43.831844,11.160295,alpitronic GmbH,HYC_300_22BZ0674B - HYC_300_22BZ0674B,2022,12,52
414522,IT*F2X*EF2XITA1051*1,Melegnano,45.321575,9.377425,EVTEC,22261390 10941.0B - 22261390 10941.0B,2022,8,31
414522,IT*F2X*EF2XITA1051*2,Melegnano,45.321575,9.377425,EVTEC,22261390 10941.0B - 22261390 10941.0B,2022,8,31
414522,IT*F2X*EF2XITA1051*3,Melegnano,45.321575,9.377425,EVTEC,22261390 10941.0B - 22261390 10941.0B,2022,8,31
369116,IT*F2X*EF2XITA1101*1,Melegnano,45.321025,9.375251,alpitronic GmbH,HYC_300_21BZ2765B - HYC_300_21BZ2765B,0,0,0
369116,IT*F2X*EF2XITA1101*2,Melegnano,45.321025,9.375251,alpitronic GmbH,HYC_300_21BZ2765B - HYC_300_21BZ2765B,0,0,0
369117,IT*F2X*EF2XITA1102*1,Melegnano,45.321051,9.375283,alpitronic GmbH,HYC_300_21BZ2763B - HYC_300_21BZ2763B,0,0,0
369117,IT*F2X*EF2XITA1102*2,Melegnano,45.321051,9.375283,alpitronic GmbH,HYC_300_21BZ2763B - HYC_300_21BZ2763B,0,0,0
369118,IT*F2X*EF2XITA1151*2,Melegnano,45.320858,9.375379,EVTEC,21451259 15035.0A - 21451259 15035.0A,0,0,0
369118,IT*F2X*EF2XITA1151*3,Melegnano,45.320858,9.375379,EVTEC,21451259 15035.0A - 21451259 15035.0A,0,0,0
938915,IT*F2X*EF2XITW1101*1,Colloredo di Monte Albano,46.18619,13.118897,alpitronic GmbH,HYC_300_23BZ1500B - HYC_300_23BZ1500B,2023,10,43
938915,IT*F2X*EF2XITW1101*2,Colloredo di Monte Albano,46.18619,13.118897,alpitronic GmbH,HYC_300_23BZ1500B - HYC_300_23BZ1500B,2023,10,43
938916,IT*F2X*EF2XITW1102*1,Colloredo di Monte Albano,46.186181,13.118957,alpitronic GmbH,HYC_300_23BZ1042B - HYC_300_23BZ1042B,2023,10,43
938916,IT*F2X*EF2XITW1102*2,Colloredo di Monte Albano,46.186181,13.118957,alpitronic GmbH,HYC_300_23BZ1042B - HYC_300_23BZ1042B,2023,10,43
398140,IT*F2X*EF2XITN3601*1,Riccione,43.994348,12.618521,alpitronic GmbH,HYC_300_22BZ0560B - HYC_300_22BZ0560B,2022,6,22
398140,IT*F2X*EF2XITN3601*2,Riccione,43.994348,12.618521,alpitronic GmbH,HYC_300_22BZ0560B - HYC_300_22BZ0560B,2022,6,22
398141,IT*F2X*EF2XITN3602*1,Riccione,43.994373,12.618548,alpitronic GmbH,HYC_300_22BZ0557B - HYC_300_22BZ0557B,2022,6,22
398141,IT*F2X*EF2XITN3602*2,Riccione,43.994373,12.618548,alpitronic GmbH,HYC_300_22BZ0557B - HYC_300_22BZ0557B,2022,6,22
446220,IT*F2X*EF2XITA2051*1,Casa Nuova,44.962899,9.906408,EVTEC,22411924 10941.1A - 22411924 10941.1A,0,0,0
446220,IT*F2X*EF2XITA2051*2,Casa Nuova,44.962899,9.906408,EVTEC,22411924 10941.1A - 22411924 10941.1A,0,0,0
446220,IT*F2X*EF2XITA2051*3,Casa Nuova,44.962899,9.906408,EVTEC,22411924 10941.1A - 22411924 10941.1A,0,0,0
446221,IT*F2X*EF2XITA2001*1,Casa Nuova,44.962843,9.906473,alpitronic GmbH,HYC_300_22BZ0664B - HYC_300_22BZ0664B,2023,1,1
446221,IT*F2X*EF2XITA2001*2,Casa Nuova,44.962843,9.906473,alpitronic GmbH,HYC_300_22BZ0664B - HYC_300_22BZ0664B,2023,1,1
446222,IT*F2X*EF2XITA2002*1,Casa Nuova,44.962798,9.906515,alpitronic GmbH,HYC_300_22BZ3001B - HYC_300_22BZ3001B,2023,1,1
446222,IT*F2X*EF2XITA2002*2,Casa Nuova,44.962798,9.906515,alpitronic GmbH,HYC_300_22BZ3001B - HYC_300_22BZ3001B,2023,1,1
960745,IT*F2X*EF2XITA1501*1,Somaglia,45.142708,9.635074,alpitronic GmbH,HYC_300_22BZ5316B - HYC_300_22BZ5316B,2023,12,52
960745,IT*F2X*EF2XITA1501*2,Somaglia,45.142708,9.635074,alpitronic GmbH,HYC_300_22BZ5316B - HYC_300_22BZ5316B,2023,12,52
960746,IT*F2X*EF2XITA1502*1,Somaglia,45.142631,9.63498,alpitronic GmbH,HYC_300_22BZ6976B - HYC_300_22BZ6976B,2023,12,52
960746,IT*F2X*EF2XITA1502*2,Somaglia,45.142631,9.63498,alpitronic GmbH,HYC_300_22BZ6976B - HYC_300_22BZ6976B,2023,12,52
960747,IT*F2X*EF2XITA1551*1,Somaglia,45.142511,9.634849,EVTEC,23082084 10941.1A - 23082084 10941.1A,2023,12,52
960747,IT*F2X*EF2XITA1551*2,Somaglia,45.142511,9.634849,EVTEC,23082084 10941.1A - 23082084 10941.1A,2023,12,52
960747,IT*F2X*EF2XITA1551*3,Somaglia,45.142511,9.634849,EVTEC,23082084 10941.1A - 23082084 10941.1A,2023,12,52
576281,IT*F2X*EF2XITP2051*1,Avellino,40.926719,14.783162,EVTEC,22501977 10941.1A - 22501977 10941.1A,2023,3,11
576281,IT*F2X*EF2XITP2051*2,Avellino,40.926719,14.783162,EVTEC,22501977 10941.1A - 22501977 10941.1A,2023,3,11
1024988,IT*F2X*EF2XITH3004*1,Cascine Maggio,45.762436,8.810945,Unknown,Unknown,2024,7,30
576281,IT*F2X*EF2XITP2051*3,Avellino,40.926719,14.783162,EVTEC,22501977 10941.1A - 22501977 10941.1A,2023,3,11
1024988,IT*F2X*EF2XITH3004*2,Cascine Maggio,45.762436,8.810945,Unknown,Unknown,2024,7,30
578899,IT*F2X*EF2XITH3051*1,Cascine Maggio,45.762135,8.810747,EVTEC,23052070 10941.1A - 23052070 10941.1A,2023,4,14
578899,IT*F2X*EF2XITH3051*2,Cascine Maggio,45.762135,8.810747,EVTEC,23052070 10941.1A - 23052070 10941.1A,2023,4,14
578899,IT*F2X*EF2XITH3051*3,Cascine Maggio,45.762135,8.810747,EVTEC,23052070 10941.1A - 23052070 10941.1A,2023,4,14
1024226,IT*F2X*EF2XITN5003*1,Chiaravalle,43.626918,13.334995,alpitronic GmbH,HYC_400_24BZ5259D - HYC_400_24BZ5259D,2024,7,30
1024226,IT*F2X*EF2XITN5003*2,Chiaravalle,43.626918,13.334995,alpitronic GmbH,HYC_400_24BZ5259D - HYC_400_24BZ5259D,2024,7,30
1024227,IT*F2X*EF2XITN5004*1,Chiaravalle,43.626851,13.334995,alpitronic GmbH,HYC_400_24BZ5279D - HYC_400_24BZ5279D,2024,7,30
1024227,IT*F2X*EF2XITN5004*2,Chiaravalle,43.626851,13.334995,alpitronic GmbH,HYC_400_24BZ5279D - HYC_400_24BZ5279D,2024,7,30
395461,IT*F2X*EF2XITN5001*1,Chiaravalle,43.62697,13.33526,alpitronic GmbH,HYC_300_22BZ0551B - HYC_300_22BZ0551B,2022,5,19
395461,IT*F2X*EF2XITN5001*2,Chiaravalle,43.62697,13.33526,alpitronic GmbH,HYC_300_22BZ0551B - HYC_300_22BZ0551B,2022,5,19
902793,IT*F2X*EF2XITN9101*1,Torino di Sangro,42.200133,14.561535,alpitronic GmbH,HYC_300_23BZ1040B - HYC_300_23BZ1040B,2023,6,26
902793,IT*F2X*EF2XITN9101*2,Torino di Sangro,42.200133,14.561535,alpitronic GmbH,HYC_300_23BZ1040B - HYC_300_23BZ1040B,2023,6,26
902794,IT*F2X*EF2XITN9102*1,Torino di Sangro,42.200133,14.561535,alpitronic GmbH,HYC_300_23BZ1047B - HYC_300_23BZ1047B,2023,6,26
902794,IT*F2X*EF2XITN9102*2,Torino di Sangro,42.200133,14.561535,alpitronic GmbH,HYC_300_23BZ1047B - HYC_300_23BZ1047B,2023,6,26
902795,IT*F2X*EF2XITN9151*1,Torino di Sangro,42.200133,14.561535,EVTEC,23162143 10941.1A - 23162143 10941.1A,2023,6,26
395476,IT*F2X*EF2XITN5002*1,Chiaravalle,43.62697,13.33516,alpitronic GmbH,HYC_300_22BZ0552B - HYC_300_22BZ0552B,2022,5,19
395476,IT*F2X*EF2XITN5002*2,Chiaravalle,43.62697,13.33516,alpitronic GmbH,HYC_300_22BZ0552B - HYC_300_22BZ0552B,2022,5,19
902795,IT*F2X*EF2XITN9151*2,Torino di Sangro,42.200133,14.561535,EVTEC,23162143 10941.1A - 23162143 10941.1A,2023,6,26
902795,IT*F2X*EF2XITN9151*3,Torino di Sangro,42.200133,14.561535,EVTEC,23162143 10941.1A - 23162143 10941.1A,2023,6,26
578916,IT*F2X*EF2XITH3151*1,Cascine Maggio,45.762921,8.809442,EVTEC,23082074 10941.1A - 23082074 10941.1A,2023,4,14
578916,IT*F2X*EF2XITH3151*2,Cascine Maggio,45.762921,8.809442,EVTEC,23082074 10941.1A - 23082074 10941.1A,2023,4,14
578916,IT*F2X*EF2XITH3151*3,Cascine Maggio,45.762921,8.809442,EVTEC,23082074 10941.1A - 23082074 10941.1A,2023,4,14
401658,IT*F2X*EF2XITLINC51*1,Milano,45.46215,9.27871,EVTEC,22201391 10941.0B - 22201391 10941.0B,2022,6,25
401658,IT*F2X*EF2XITLINC51*2,Milano,45.46215,9.27871,EVTEC,22201391 10941.0B - 22201391 10941.0B,2022,6,25
401658,IT*F2X*EF2XITLINC51*3,Milano,45.46215,9.27871,EVTEC,22201391 10941.0B - 22201391 10941.0B,2022,6,25
412445,IT*F2X*EF2XITA6602*1,Firenze,43.65052,11.46448,alpitronic GmbH,HYC_300_22BZ0561B - HYC_300_22BZ0561B,2022,7,29
412445,IT*F2X*EF2XITA6602*2,Firenze,43.65052,11.46448,alpitronic GmbH,HYC_300_22BZ0561B - HYC_300_22BZ0561B,2022,7,29
412446,IT*F2X*EF2XITA6601*1,Firenze,43.65052,11.46442,alpitronic GmbH,HYC_300_22BZ0675B - HYC_300_22BZ0675B,2022,7,29
412446,IT*F2X*EF2XITA6601*2,Firenze,43.65052,11.46442,alpitronic GmbH,HYC_300_22BZ0675B - HYC_300_22BZ0675B,2022,7,29
951690,IT*F2X*EF2XITG7101*1,Ronco Scrivia,44.604724,8.952741,alpitronic GmbH,HYC_300_23BZ1514B - HYC_300_23BZ1514B,2023,12,48
951690,IT*F2X*EF2XITG7101*2,Ronco Scrivia,44.604724,8.952741,alpitronic GmbH,HYC_300_23BZ1514B - HYC_300_23BZ1514B,2023,12,48
951691,IT*F2X*EF2XITG7102*1,Ronco Scrivia,44.604646,8.952816,alpitronic GmbH,HYC_300_23BZ1043B - HYC_300_23BZ1043B,2023,12,48
951691,IT*F2X*EF2XITG7102*2,Ronco Scrivia,44.604646,8.952816,alpitronic GmbH,HYC_300_23BZ1043B - HYC_300_23BZ1043B,2023,12,48
929860,IT*F2X*EF2XITP3101*1,Mirabella Eclano,41.06018,15.013467,alpitronic GmbH,HYC_300_23BZ1030B - HYC_300_23BZ1030B,2023,10,40
929860,IT*F2X*EF2XITP3101*2,Mirabella Eclano,41.06018,15.013467,alpitronic GmbH,HYC_300_23BZ1030B - HYC_300_23BZ1030B,2023,10,40
929861,IT*F2X*EF2XITP3102*1,Mirabella Eclano,41.060238,15.013405,alpitronic GmbH,HYC_300_23BZ1031B - HYC_300_23BZ1031B,2023,10,40
929861,IT*F2X*EF2XITP3102*2,Mirabella Eclano,41.060238,15.013405,alpitronic GmbH,HYC_300_23BZ1031B - HYC_300_23BZ1031B,2023,10,40
929862,IT*F2X*EF2XITP3151*1,Mirabella Eclano,41.060126,15.013521,EVTEC,23092092 10941.1A - 23092092 10941.1A,2023,10,40
929862,IT*F2X*EF2XITP3151*2,Mirabella Eclano,41.060126,15.013521,EVTEC,23092092 10941.1A - 23092092 10941.1A,2023,10,40
929862,IT*F2X*EF2XITP3151*3,Mirabella Eclano,41.060126,15.013521,EVTEC,23092092 10941.1A - 23092092 10941.1A,2023,10,40
926507,IT*F2X*EF2XITB0501*1,Magliana Sabina,42.316275,12.493314,alpitronic GmbH,HYC_300_23BZ1519B - HYC_300_23BZ1519B,2023,9,39
926507,IT*F2X*EF2XITB0501*2,Magliana Sabina,42.316275,12.493314,alpitronic GmbH,HYC_300_23BZ1519B - HYC_300_23BZ1519B,2023,9,39
926508,IT*F2X*EF2XITB0502*1,Magliana Sabina,42.316241,12.493237,alpitronic GmbH,HYC_300_23BZ0056B - HYC_300_23BZ0056B,2023,9,39
926508,IT*F2X*EF2XITB0502*2,Magliana Sabina,42.316241,12.493237,alpitronic GmbH,HYC_300_23BZ0056B - HYC_300_23BZ0056B,2023,9,39
1017302,IT*F2X*EF2XITA3551*1,Casalecchio di Reno,44.456704,11.2803,Unknown,Unknown,2024,7,27
1017302,IT*F2X*EF2XITA3551*2,Casalecchio di Reno,44.456704,11.2803,Unknown,Unknown,2024,7,27
1017302,IT*F2X*EF2XITA3551*3,Casalecchio di Reno,44.456704,11.2803,Unknown,Unknown,2024,7,27
481845,IT*F2X*EF2XITA8501*1,Fabro,42.875911,12.019079,alpitronic GmbH,HYC_300_22BZ5332B - HYC_300_22BZ5332B,2023,2,8
481845,IT*F2X*EF2XITA8501*2,Fabro,42.875911,12.019079,alpitronic GmbH,HYC_300_22BZ5332B - HYC_300_22BZ5332B,2023,2,8
481846,IT*F2X*EF2XITA8502*1,Fabro,42.875973,12.019045,alpitronic GmbH,HYC_300_22BZ5351B - HYC_300_22BZ5351B,2023,2,8
481846,IT*F2X*EF2XITA8502*2,Fabro,42.875973,12.019045,alpitronic GmbH,HYC_300_22BZ5351B - HYC_300_22BZ5351B,2023,2,8
910423,IT*F2X*EF2XITO4551*1,Modugno,41.095756,16.76955,EVTEC,23112094 10941.1A - 23112094 10941.1A,0,0,0
910423,IT*F2X*EF2XITO4551*2,Modugno,41.095756,16.76955,EVTEC,23112094 10941.1A - 23112094 10941.1A,0,0,0
910423,IT*F2X*EF2XITO4551*3,Modugno,41.095756,16.76955,EVTEC,23112094 10941.1A - 23112094 10941.1A,0,0,0
481850,IT*F2X*EF2XITA8601*1,Fabro,42.87661,12.017173,alpitronic GmbH,HYC_300_22BZ5329B - HYC_300_22BZ5329B,2023,2,8
481850,IT*F2X*EF2XITA8601*2,Fabro,42.87661,12.017173,alpitronic GmbH,HYC_300_22BZ5329B - HYC_300_22BZ5329B,2023,2,8
481851,IT*F2X*EF2XITA8602*1,Fabro,42.876497,12.01713,alpitronic GmbH,HYC_300_22BZ5333B - HYC_300_22BZ5333B,2023,2,8
481851,IT*F2X*EF2XITA8602*2,Fabro,42.876497,12.01713,alpitronic GmbH,HYC_300_22BZ5333B - HYC_300_22BZ5333B,2023,2,8
1017308,IT*F2X*EF2XITA1003*1,Melegnano,45.32152,9.377206,alpitronic GmbH,HYC_400_24BZ6663D - HYC_400_24BZ6663D,2024,7,27
475001,IT*F2X*EF2XITL9101*1,Genova,44.392307,9.045145,alpitronic GmbH,HYC_300_22BZ3005B - HYC_300_22BZ3005B,2023,1,3
475001,IT*F2X*EF2XITL9101*2,Genova,44.392307,9.045145,alpitronic GmbH,HYC_300_22BZ3005B - HYC_300_22BZ3005B,2023,1,3
903880,IT*F2X*EF2XITB2102*2,Capena,42.123278,12.616865,alpitronic GmbH,HYC_300_23BZ1032B - HYC_300_23BZ1032B,2023,7,27
1017308,IT*F2X*EF2XITA1003*2,Melegnano,45.32152,9.377206,alpitronic GmbH,HYC_400_24BZ6663D - HYC_400_24BZ6663D,2024,7,27
1017309,IT*F2X*EF2XITA1004*1,Melegnano,45.321494,9.377169,alpitronic GmbH,HYC_400_24BZ6666D - HYC_400_24BZ6666D,2024,7,27
1017309,IT*F2X*EF2XITA1004*2,Melegnano,45.321494,9.377169,alpitronic GmbH,HYC_400_24BZ6666D - HYC_400_24BZ6666D,2024,7,27
575643,IT*F2X*EF2XITM3151*1,Costa di Rovigo,45.04199,11.709883,EVTEC,23072067 10941.1A - 23072067 10941.1A,2023,3,11
575643,IT*F2X*EF2XITM3151*2,Costa di Rovigo,45.04199,11.709883,EVTEC,23072067 10941.1A - 23072067 10941.1A,2023,3,11
575643,IT*F2X*EF2XITM3151*3,Costa di Rovigo,45.04199,11.709883,EVTEC,23072067 10941.1A - 23072067 10941.1A,2023,3,11
482776,IT*F2X*EF2XITL2101*1,Tolfa,42.029539,11.962239,alpitronic GmbH,HYC_300_22BZ5330B - HYC_300_22BZ5330B,2023,2,9
482776,IT*F2X*EF2XITL2101*2,Tolfa,42.029539,11.962239,alpitronic GmbH,HYC_300_22BZ5330B - HYC_300_22BZ5330B,2023,2,9
445576,IT*F2X*EF2XITL2001*1,Tolfa,42.03131,11.96291,alpitronic GmbH,HYC_300_22BZ0553B - HYC_300_22BZ0553B,2022,12,52
445576,IT*F2X*EF2XITL2001*2,Tolfa,42.03131,11.96291,alpitronic GmbH,HYC_300_22BZ0553B - HYC_300_22BZ0553B,2022,12,52
445577,IT*F2X*EF2XITL2002*1,Tolfa,42.03134,11.96282,alpitronic GmbH,HYC_300_22BZ0677B - HYC_300_22BZ0677B,2022,12,52
445577,IT*F2X*EF2XITL2002*2,Tolfa,42.03134,11.96282,alpitronic GmbH,HYC_300_22BZ0677B - HYC_300_22BZ0677B,2022,12,52
482777,IT*F2X*EF2XITL2102*1,Tolfa,42.029548,11.962146,alpitronic GmbH,HYC_300_22BZ5331B - HYC_300_22BZ5331B,2023,2,9
482777,IT*F2X*EF2XITL2102*2,Tolfa,42.029548,11.962146,alpitronic GmbH,HYC_300_22BZ5331B - HYC_300_22BZ5331B,2023,2,9
445586,IT*F2X*EF2XITP4102*1,Vallata,41.064701,15.314212,alpitronic GmbH,HYC_300_22BZ3014B - HYC_300_22BZ3014B,2022,12,52
445586,IT*F2X*EF2XITP4102*2,Vallata,41.064701,15.314212,alpitronic GmbH,HYC_300_22BZ3014B - HYC_300_22BZ3014B,2022,12,52
445589,IT*F2X*EF2XITP4001*1,Vallata,41.066689,15.315982,alpitronic GmbH,HYC_300_22BZ3010B - HYC_300_22BZ3010B,2022,12,52
445589,IT*F2X*EF2XITP4001*2,Vallata,41.066689,15.315982,alpitronic GmbH,HYC_300_22BZ3010B - HYC_300_22BZ3010B,2022,12,52
445590,IT*F2X*EF2XITP4002*1,Vallata,41.066723,15.316047,alpitronic GmbH,HYC_300_22BZ3012B - HYC_300_22BZ3012B,2022,12,52
445590,IT*F2X*EF2XITP4002*2,Vallata,41.066723,15.316047,alpitronic GmbH,HYC_300_22BZ3012B - HYC_300_22BZ3012B,2022,12,52
1013334,IT*F2X*EF2XITCOLMI03*2,Milano,45.46549,9.175346,Unknown,Unknown,0,0,0
1013335,IT*F2X*EF2XITCOLMI04*1,Milano,45.472812,9.155885,Unknown,Unknown,0,0,0
1013335,IT*F2X*EF2XITCOLMI04*2,Milano,45.472812,9.155885,Unknown,Unknown,0,0,0
1013336,IT*F2X*EF2XITCOLMI05*1,Milano,45.472782,9.155957,Unknown,Unknown,0,0,0
1013336,IT*F2X*EF2XITCOLMI05*2,Milano,45.472782,9.155957,Unknown,Unknown,0,0,0
1024987,IT*F2X*EF2XITH3003*1,Cascine Maggio,45.762401,8.810946,Unknown,Unknown,2024,7,30
885209,IT*F2X*EF2XITY3151*1,Casale sul Sile,45.608516,12.29713,EVTEC,23112105 10941.1A - 23112105 10941.1A,2023,6,24
885209,IT*F2X*EF2XITY3151*2,Casale sul Sile,45.608516,12.29713,EVTEC,23112105 10941.1A - 23112105 10941.1A,2023,6,24
885209,IT*F2X*EF2XITY3151*3,Casale sul Sile,45.608516,12.29713,EVTEC,23112105 10941.1A - 23112105 10941.1A,2023,6,24
1013337,IT*F2X*EF2XITCOLMI06*1,Milano,45.472776,9.15579,Unknown,Unknown,0,0,0
1024987,IT*F2X*EF2XITH3003*2,Cascine Maggio,45.762401,8.810946,Unknown,Unknown,2024,7,30
925804,IT*F2X*EF2XITMXPC01*1,Ferno,45.624652,8.711917,alpitronic GmbH,HYC_300_22BZ5317B - HYC_300_22BZ5317B,2023,9,39
925804,IT*F2X*EF2XITMXPC01*2,Ferno,45.624652,8.711917,alpitronic GmbH,HYC_300_22BZ5317B - HYC_300_22BZ5317B,2023,9,39
925805,IT*F2X*EF2XITMXPC02*1,Ferno,45.62473,8.711995,alpitronic GmbH,HYC_300_22BZ6983B - HYC_300_22BZ6983B,2023,9,39
925805,IT*F2X*EF2XITMXPC02*2,Ferno,45.62473,8.711995,alpitronic GmbH,HYC_300_22BZ6983B - HYC_300_22BZ6983B,2023,9,39
925806,IT*F2X*EF2XITMXPC03*1,Ferno,45.624778,8.712048,alpitronic GmbH,HYC_300_22BZ5318B - HYC_300_22BZ5318B,2023,9,39
925806,IT*F2X*EF2XITMXPC03*2,Ferno,45.624778,8.712048,alpitronic GmbH,HYC_300_22BZ5318B - HYC_300_22BZ5318B,2023,9,39
925807,IT*F2X*EF2XITMXPC51*1,Ferno,45.624853,8.712122,EVTEC,23182089 10941.1A - 23182089 10941.1A,2023,9,39
925807,IT*F2X*EF2XITMXPC51*2,Ferno,45.624853,8.712122,EVTEC,23182089 10941.1A - 23182089 10941.1A,2023,9,39
925807,IT*F2X*EF2XITMXPC51*3,Ferno,45.624853,8.712122,EVTEC,23182089 10941.1A - 23182089 10941.1A,2023,9,39
1024993,IT*F2X*EF2XITB4603*1,Castrocielo,41.496848,13.683229,alpitronic GmbH,HYC_300_24BZ1702B - HYC_300_24BZ1702B,2024,7,30
1024993,IT*F2X*EF2XITB4603*2,Castrocielo,41.496848,13.683229,alpitronic GmbH,HYC_300_24BZ1702B - HYC_300_24BZ1702B,2024,7,30
423094,IT*F2X*EF2XITZ9902*1,San Giovanni Valdarno,43.58289,11.52261,alpitronic GmbH,HYC_300_22BZ0691B - HYC_300_22BZ0691B,2022,9,39
423094,IT*F2X*EF2XITZ9902*2,San Giovanni Valdarno,43.58289,11.52261,alpitronic GmbH,HYC_300_22BZ0691B - HYC_300_22BZ0691B,2022,9,39
1024994,IT*F2X*EF2XITB4604*1,Castrocielo,41.496838,13.683253,alpitronic GmbH,HYC_300_24BZ1701B - HYC_300_24BZ1701B,2024,7,30
1024994,IT*F2X*EF2XITB4604*2,Castrocielo,41.496838,13.683253,alpitronic GmbH,HYC_300_24BZ1701B - HYC_300_24BZ1701B,2024,7,30
967953,IT*F2X*EF2XITN2501*1,Bertinoro,44.217531,12.177971,Unknown,Unknown,2024,4,16
967954,IT*F2X*EF2XITN2502*1,Bertinoro,44.217507,12.177961,Unknown,Unknown,2024,4,16
967955,IT*F2X*EF2XITN2503*1,Bertinoro,44.217488,12.177955,Unknown,Unknown,2024,4,16
967956,IT*F2X*EF2XITN2504*1,Bertinoro,44.217474,12.177943,Unknown,Unknown,2024,4,16
579520,IT*F2X*EF2XITO4502*1,Modugno,41.095803,16.769734,alpitronic GmbH,HYC_300_22BZ6980B - HYC_300_22BZ6980B,2023,4,15
373459,IT*F2X*EF2XITN5651*1,Numana,43.481079,13.594935,EVTEC,21461261 10941.1A - 21461261 10941.1A,0,0,0
579520,IT*F2X*EF2XITO4502*2,Modugno,41.095803,16.769734,alpitronic GmbH,HYC_300_22BZ6980B - HYC_300_22BZ6980B,2023,4,15
413996,IT*F2X*EF2XITL9001*1,Genova,44.393379,9.046716,alpitronic GmbH,HYC_300_22BZ2241B - HYC_300_22BZ2241B,2022,8,31
413996,IT*F2X*EF2XITL9001*2,Genova,44.393379,9.046716,alpitronic GmbH,HYC_300_22BZ2241B - HYC_300_22BZ2241B,2022,8,31
413997,IT*F2X*EF2XITL9002*1,Genova,44.393371,9.046653,alpitronic GmbH,HYC_300_22BZ2233B - HYC_300_22BZ2233B,2022,8,31
413997,IT*F2X*EF2XITL9002*2,Genova,44.393371,9.046653,alpitronic GmbH,HYC_300_22BZ2233B - HYC_300_22BZ2233B,2022,8,31
580926,IT*F2X*EF2XITX2101*1,Belforte Monferrato,44.59224,8.664714,alpitronic GmbH,HYC_300_22BZ6979B - HYC_300_22BZ6979B,2023,4,16
580926,IT*F2X*EF2XITX2101*2,Belforte Monferrato,44.59224,8.664714,alpitronic GmbH,HYC_300_22BZ6979B - HYC_300_22BZ6979B,2023,4,16
580927,IT*F2X*EF2XITX2102*1,Belforte Monferrato,44.592282,8.664741,alpitronic GmbH,HYC_300_22BZ6985B - HYC_300_22BZ6985B,2023,4,16
580927,IT*F2X*EF2XITX2102*2,Belforte Monferrato,44.592282,8.664741,alpitronic GmbH,HYC_300_22BZ6985B - HYC_300_22BZ6985B,2023,4,16
945035,IT*F2X*EF2XITD1101*1,Cinisello Balsamo,45.54796,9.206374,Unknown,Unknown,2023,11,45
945035,IT*F2X*EF2XITD1101*2,Cinisello Balsamo,45.54796,9.206374,Unknown,Unknown,2023,11,45
945036,IT*F2X*EF2XITD1102*1,Cinisello Balsamo,45.54801,9.206341,Unknown,Unknown,2023,11,45
945036,IT*F2X*EF2XITD1102*2,Cinisello Balsamo,45.54801,9.206341,Unknown,Unknown,2023,11,45
945037,IT*F2X*EF2XITD1151*1,Cinisello Balsamo,45.547907,9.2064,Unknown,Unknown,2023,11,45
945037,IT*F2X*EF2XITD1151*2,Cinisello Balsamo,45.547907,9.2064,Unknown,Unknown,2023,11,45
945037,IT*F2X*EF2XITD1151*3,Cinisello Balsamo,45.547907,9.2064,Unknown,Unknown,2023,11,45
1017002,IT*F2X*EF2XITA1103*1,Melegnano,45.321034,9.375245,alpitronic GmbH,HYC_400_24BZ4447D - HYC_400_24BZ4447D,2024,7,27
1017002,IT*F2X*EF2XITA1103*2,Melegnano,45.321034,9.375245,alpitronic GmbH,HYC_400_24BZ4447D - HYC_400_24BZ4447D,2024,7,27
434839,IT*F2X*EF2XITI1151*1,Cadorago,45.729891,9.028302,EVTEC,22411925 10941.1A - 22411925 10941.1A,2022,11,47
434839,IT*F2X*EF2XITI1151*2,Cadorago,45.729891,9.028302,EVTEC,22411925 10941.1A - 22411925 10941.1A,2022,11,47
434839,IT*F2X*EF2XITI1151*3,Cadorago,45.729891,9.028302,EVTEC,22411925 10941.1A - 22411925 10941.1A,2022,11,47
1017003,IT*F2X*EF2XITA1104*1,Melegnano,45.321055,9.375276,alpitronic GmbH,HYC_400_24BZ4449D - HYC_400_24BZ4449D,2024,7,27
1017003,IT*F2X*EF2XITA1104*2,Melegnano,45.321055,9.375276,alpitronic GmbH,HYC_400_24BZ4449D - HYC_400_24BZ4449D,2024,7,27
947899,IT*F2X*EF2XITN5101*1,Chiaravalle,43.627041,13.333977,alpitronic GmbH,HYC_300_23BZ1039B - HYC_300_23BZ1039B,2023,11,47
947899,IT*F2X*EF2XITN5101*2,Chiaravalle,43.627041,13.333977,alpitronic GmbH,HYC_300_23BZ1039B - HYC_300_23BZ1039B,2023,11,47
947900,IT*F2X*EF2XITN5102*1,Chiaravalle,43.627042,13.334019,alpitronic GmbH,HYC_300_23BZ1038B - HYC_300_23BZ1038B,2023,11,47
947900,IT*F2X*EF2XITN5102*2,Chiaravalle,43.627042,13.334019,alpitronic GmbH,HYC_300_23BZ1038B - HYC_300_23BZ1038B,2023,11,47
947901,IT*F2X*EF2XITN5151*1,Chiaravalle,43.627101,13.333993,EVTEC,23172160 10941.1A - 23172160 10941.1A,2023,11,47
947901,IT*F2X*EF2XITN5151*2,Chiaravalle,43.627101,13.333993,EVTEC,23172160 10941.1A - 23172160 10941.1A,2023,11,47
947902,IT*F2X*EF2XITB0601*1,Magliana Sabina,42.316708,12.491263,alpitronic GmbH,HYC_300_22BZ5320B - HYC_300_22BZ5320B,2023,11,47
947902,IT*F2X*EF2XITB0601*2,Magliana Sabina,42.316708,12.491263,alpitronic GmbH,HYC_300_22BZ5320B - HYC_300_22BZ5320B,2023,11,47
947903,IT*F2X*EF2XITB0602*1,Magliana Sabina,42.316641,12.491271,alpitronic GmbH,HYC_300_22BZ5315B - HYC_300_22BZ5315B,2023,11,47
947903,IT*F2X*EF2XITB0602*2,Magliana Sabina,42.316641,12.491271,alpitronic GmbH,HYC_300_22BZ5315B - HYC_300_22BZ5315B,2023,11,47
435625,IT*F2X*EF2XITD5101*1,Roncadelle,45.532563,10.148351,alpitronic GmbH,HYC_300_22BZ2236B - HYC_300_22BZ2236B,2022,11,48
435625,IT*F2X*EF2XITD5101*2,Roncadelle,45.532563,10.148351,alpitronic GmbH,HYC_300_22BZ2236B - HYC_300_22BZ2236B,2022,11,48
435626,IT*F2X*EF2XITD5102*1,Roncadelle,45.532517,10.148412,alpitronic GmbH,HYC_300_22BZ2232B - HYC_300_22BZ2232B,2022,11,48
435626,IT*F2X*EF2XITD5102*2,Roncadelle,45.532517,10.148412,alpitronic GmbH,HYC_300_22BZ2232B - HYC_300_22BZ2232B,2022,11,48
947904,IT*F2X*EF2XITB0651*1,Magliana Sabina,42.316708,12.491263,EVTEC,23242155 10941.1A - 23242155 10941.1A,2023,11,47
947904,IT*F2X*EF2XITB0651*2,Magliana Sabina,42.316708,12.491263,EVTEC,23242155 10941.1A - 23242155 10941.1A,2023,11,47
947904,IT*F2X*EF2XITB0651*3,Magliana Sabina,42.316708,12.491263,EVTEC,23242155 10941.1A - 23242155 10941.1A,2023,11,47
435630,IT*F2X*EF2XITD5151*1,Roncadelle,45.532713,10.148356,EVTEC,22321703 10941.1A - 22321703 10941.1A,2022,11,48
435630,IT*F2X*EF2XITD5151*2,Roncadelle,45.532713,10.148356,EVTEC,22321703 10941.1A - 22321703 10941.1A,2022,11,48
435630,IT*F2X*EF2XITD5151*3,Roncadelle,45.532713,10.148356,EVTEC,22321703 10941.1A - 22321703 10941.1A,2022,11,48
435636,IT*F2X*EF2XITD5001*1,Roncadelle,45.532591,10.151154,alpitronic GmbH,HYC_300_22BZ2239B - HYC_300_22BZ2239B,2022,11,48
435636,IT*F2X*EF2XITD5001*2,Roncadelle,45.532591,10.151154,alpitronic GmbH,HYC_300_22BZ2239B - HYC_300_22BZ2239B,2022,11,48
435637,IT*F2X*EF2XITD5002*1,Roncadelle,45.532573,10.151184,alpitronic GmbH,HYC_300_22BZ2237B - HYC_300_22BZ2237B,2022,11,48
435637,IT*F2X*EF2XITD5002*2,Roncadelle,45.532573,10.151184,alpitronic GmbH,HYC_300_22BZ2237B - HYC_300_22BZ2237B,2022,11,48
435638,IT*F2X*EF2XITD5051*1,Roncadelle,45.532702,10.151009,EVTEC,22321704 10941.1A - 22321704 10941.1A,2022,11,48
435638,IT*F2X*EF2XITD5051*2,Roncadelle,45.532702,10.151009,EVTEC,22321704 10941.1A - 22321704 10941.1A,2022,11,48
435638,IT*F2X*EF2XITD5051*3,Roncadelle,45.532702,10.151009,EVTEC,22321704 10941.1A - 22321704 10941.1A,2022,11,48
580747,IT*F2X*EF2XITK1151*1,Sesto Fiorentino,43.818793,11.172242,EVTEC,23021991 10941.1A - 23021991 10941.1A,2023,4,16
580747,IT*F2X*EF2XITK1151*2,Sesto Fiorentino,43.818793,11.172242,EVTEC,23021991 10941.1A - 23021991 10941.1A,2023,4,16
935214,IT*F2X*EF2XITN9001*1,Torino di Sangro,42.200565,14.563543,alpitronic GmbH,HYC_300_22BZ5310B - HYC_300_22BZ5310B,2023,10,41
935214,IT*F2X*EF2XITN9001*2,Torino di Sangro,42.200565,14.563543,alpitronic GmbH,HYC_300_22BZ5310B - HYC_300_22BZ5310B,2023,10,41
580747,IT*F2X*EF2XITK1151*3,Sesto Fiorentino,43.818793,11.172242,EVTEC,23021991 10941.1A - 23021991 10941.1A,2023,4,16
935215,IT*F2X*EF2XITN9002*1,Torino di Sangro,42.200441,14.56358,alpitronic GmbH,HYC_300_22BZ5321B - HYC_300_22BZ5321B,2023,10,41
935215,IT*F2X*EF2XITN9002*2,Torino di Sangro,42.200441,14.56358,alpitronic GmbH,HYC_300_22BZ5321B - HYC_300_22BZ5321B,2023,10,41
935216,IT*F2X*EF2XITN9051*1,Torino di Sangro,42.200565,14.563543,EVTEC,23092093 10941.1A - 23092093 10941.1A,2023,10,41
935216,IT*F2X*EF2XITN9051*2,Torino di Sangro,42.200565,14.563543,EVTEC,23092093 10941.1A - 23092093 10941.1A,2023,10,41
935216,IT*F2X*EF2XITN9051*3,Torino di Sangro,42.200565,14.563543,EVTEC,23092093 10941.1A - 23092093 10941.1A,2023,10,41
582158,IT*F2X*EF2XITL2051*1,Tolfa,42.031206,11.963229,EVTEC,23082085 10941.1A - 23082085 10941.1A,2023,4,17
582158,IT*F2X*EF2XITL2051*2,Tolfa,42.031206,11.963229,EVTEC,23082085 10941.1A - 23082085 10941.1A,2023,4,17
580735,IT*F2X*EF2XITY3101*1,Casale sul Sile,45.60822,12.29714,alpitronic GmbH,HYC_300_22BZ0663B - HYC_300_22BZ0663B,2023,4,16
580735,IT*F2X*EF2XITY3101*2,Casale sul Sile,45.60822,12.29714,alpitronic GmbH,HYC_300_22BZ0663B - HYC_300_22BZ0663B,2023,4,16
580736,IT*F2X*EF2XITY3102*1,Casale sul Sile,45.608097,12.297046,alpitronic GmbH,HYC_300_22BZ3011B - HYC_300_22BZ3011B,2023,4,16
580736,IT*F2X*EF2XITY3102*2,Casale sul Sile,45.608097,12.297046,alpitronic GmbH,HYC_300_22BZ3011B - HYC_300_22BZ3011B,2023,4,16
582158,IT*F2X*EF2XITL2051*3,Tolfa,42.031206,11.963229,EVTEC,23082085 10941.1A - 23082085 10941.1A,2023,4,17
579516,IT*F2X*EF2XITO4501*1,Modugno,41.095737,16.769807,alpitronic GmbH,HYC_300_22BZ5323B - HYC_300_22BZ5323B,2023,4,15
579516,IT*F2X*EF2XITO4501*2,Modugno,41.095737,16.769807,alpitronic GmbH,HYC_300_22BZ5323B - HYC_300_22BZ5323B,2023,4,15
580740,IT*F2X*EF2XITA5551*1,Firenze,43.831825,11.160121,EVTEC,23011990 10941.1A - 23011990 10941.1A,2023,4,16
580740,IT*F2X*EF2XITA5551*2,Firenze,43.831825,11.160121,EVTEC,23011990 10941.1A - 23011990 10941.1A,2023,4,16
580740,IT*F2X*EF2XITA5551*3,Firenze,43.831825,11.160121,EVTEC,23011990 10941.1A - 23011990 10941.1A,2023,4,16
397572,IT*F2X*EF2XITN0601*1,Zola Predosa,44.5183,11.21429,alpitronic GmbH,HYC_300_21BZ3102B - HYC_300_21BZ3102B,2022,5,22
397572,IT*F2X*EF2XITN0601*2,Zola Predosa,44.5183,11.21429,alpitronic GmbH,HYC_300_21BZ3102B - HYC_300_21BZ3102B,2022,5,22
397573,IT*F2X*EF2XITN0602*1,Zola Predosa,44.51834,11.21432,alpitronic GmbH,HYC_300_21BZ3104B - HYC_300_21BZ3104B,2022,5,22
397573,IT*F2X*EF2XITN0602*2,Zola Predosa,44.51834,11.21432,alpitronic GmbH,HYC_300_21BZ3104B - HYC_300_21BZ3104B,2022,5,22
397574,IT*F2X*EF2XITN0502*1,Bologna,44.51956,11.21367,alpitronic GmbH,HYC_300_21BZ3098B - HYC_300_21BZ3098B,2022,5,22
397574,IT*F2X*EF2XITN0502*2,Bologna,44.51956,11.21367,alpitronic GmbH,HYC_300_21BZ3098B - HYC_300_21BZ3098B,2022,5,22
397575,IT*F2X*EF2XITN0501*1,Bologna,44.51957,11.21374,alpitronic GmbH,HYC_300_21BZ3097B - HYC_300_21BZ3097B,2022,5,22
397575,IT*F2X*EF2XITN0501*2,Bologna,44.51957,11.21374,alpitronic GmbH,HYC_300_21BZ3097B - HYC_300_21BZ3097B,2022,5,22
475798,IT*F2X*EF2XITM1102*1,Bologna,44.622627,11.419865,alpitronic GmbH,HYC_300_22BZ5319B - HYC_300_22BZ5319B,2023,1,4
475798,IT*F2X*EF2XITM1102*2,Bologna,44.622627,11.419865,alpitronic GmbH,HYC_300_22BZ5319B - HYC_300_22BZ5319B,2023,1,4
475799,IT*F2X*EF2XITM1101*1,Bologna,44.622627,11.419865,alpitronic GmbH,HYC_300_22BZ6975B - HYC_300_22BZ6975B,2023,1,4
475799,IT*F2X*EF2XITM1101*2,Bologna,44.622627,11.419865,alpitronic GmbH,HYC_300_22BZ6975B - HYC_300_22BZ6975B,2023,1,4
480381,IT*F2X*EF2XITB4602*1,Castrocielo,41.496869,13.683172,alpitronic GmbH,HYC_300_22BZ5355B - HYC_300_22BZ5355B,2023,2,6
480381,IT*F2X*EF2XITB4602*2,Castrocielo,41.496869,13.683172,alpitronic GmbH,HYC_300_22BZ5355B - HYC_300_22BZ5355B,2023,2,6
480382,IT*F2X*EF2XITB4651*1,Castrocielo,41.496698,13.683156,EVTEC,22431945 10941.1A - 22431945 10941.1A,2023,2,6
480382,IT*F2X*EF2XITB4651*2,Castrocielo,41.496698,13.683156,EVTEC,22431945 10941.1A - 22431945 10941.1A,2023,2,6
480382,IT*F2X*EF2XITB4651*3,Castrocielo,41.496698,13.683156,EVTEC,22431945 10941.1A - 22431945 10941.1A,2023,2,6
1030174,IT*F2X*EF2XITA7104*1,Civitella In Val di Chiana,43.407908,11.762877,Unknown,Unknown,2024,7,31
1030174,IT*F2X*EF2XITA7104*2,Civitella In Val di Chiana,43.407908,11.762877,Unknown,Unknown,2024,7,31
1030175,IT*F2X*EF2XITA7003*1,Civitella In Val di Chiana,43.405467,11.763752,Unknown,Unknown,2024,7,31
1030175,IT*F2X*EF2XITA7003*2,Civitella In Val di Chiana,43.405467,11.763752,Unknown,Unknown,2024,7,31
1030176,IT*F2X*EF2XITA7004*1,Civitella In Val di Chiana,43.405421,11.763815,alpitronic GmbH,HYC_300_24BZ1699B - HYC_300_24BZ1699B,2024,7,31
1030176,IT*F2X*EF2XITA7004*2,Civitella In Val di Chiana,43.405421,11.763815,alpitronic GmbH,HYC_300_24BZ1699B - HYC_300_24BZ1699B,2024,7,31
970935,IT*F2X*EF2XITA2501*1,Parma,44.827249,10.37954,alpitronic GmbH,HYC_300_23BZ1036B - HYC_300_23BZ1036B,0,0,0
970935,IT*F2X*EF2XITA2501*2,Parma,44.827249,10.37954,alpitronic GmbH,HYC_300_23BZ1036B - HYC_300_23BZ1036B,0,0,0
970936,IT*F2X*EF2XITA2502*1,Parma,44.827231,10.379522,Unknown,Unknown,0,0,0
416823,IT*F2X*EF2XITB5501*1,San Nicola La Strada,41.049091,14.323112,alpitronic GmbH,HYC_300_21BZ3095B - HYC_300_21BZ3095B,2022,8,34
416823,IT*F2X*EF2XITB5501*2,San Nicola La Strada,41.049091,14.323112,alpitronic GmbH,HYC_300_21BZ3095B - HYC_300_21BZ3095B,2022,8,34
970936,IT*F2X*EF2XITA2502*2,Parma,44.827231,10.379522,Unknown,Unknown,0,0,0
970937,IT*F2X*EF2XITA2551*1,Parma,44.827226,10.379641,EVTEC,23222157 10941.1A - 23222157 10941.1A,0,0,0
970937,IT*F2X*EF2XITA2551*2,Parma,44.827226,10.379641,EVTEC,23222157 10941.1A - 23222157 10941.1A,0,0,0
970937,IT*F2X*EF2XITA2551*3,Parma,44.827226,10.379641,EVTEC,23222157 10941.1A - 23222157 10941.1A,0,0,0
970941,IT*F2X*EF2XITA2601*1,Parma,44.826198,10.378719,Unknown,Unknown,0,0,0
970941,IT*F2X*EF2XITA2601*2,Parma,44.826198,10.378719,Unknown,Unknown,0,0,0
970942,IT*F2X*EF2XITA2602*1,Parma,44.826184,10.378795,Unknown,Unknown,0,0,0
970942,IT*F2X*EF2XITA2602*2,Parma,44.826184,10.378795,Unknown,Unknown,0,0,0
970943,IT*F2X*EF2XITA2651*1,Parma,44.826236,10.378697,Unknown,Unknown,0,0,0
970943,IT*F2X*EF2XITA2651*2,Parma,44.826236,10.378697,Unknown,Unknown,0,0,0
416831,IT*F2X*EF2XITB5502*1,San Nicola La Strada,41.049049,14.32312,alpitronic GmbH,HYC_300_21BZ3099B - HYC_300_21BZ3099B,2022,8,34
416831,IT*F2X*EF2XITB5502*2,San Nicola La Strada,41.049049,14.32312,alpitronic GmbH,HYC_300_21BZ3099B - HYC_300_21BZ3099B,2022,8,34
970943,IT*F2X*EF2XITA2651*3,Parma,44.826236,10.378697,Unknown,Unknown,0,0,0
416835,IT*F2X*EF2XITB5551*1,San Nicola La Strada,41.048925,14.323337,EVTEC,22261387 10941.0B - 22261387 10941.0B,2022,8,34
416835,IT*F2X*EF2XITB5551*2,San Nicola La Strada,41.048925,14.323337,EVTEC,22261387 10941.0B - 22261387 10941.0B,2022,8,34
416835,IT*F2X*EF2XITB5551*3,San Nicola La Strada,41.048925,14.323337,EVTEC,22261387 10941.0B - 22261387 10941.0B,2022,8,34
402821,IT*F2X*EF2XITO3501*1,Andria,41.251814,16.220186,alpitronic GmbH,HYC_300_22BZ1157B - HYC_300_22BZ1157B,2022,6,26
402821,IT*F2X*EF2XITO3501*2,Andria,41.251814,16.220186,alpitronic GmbH,HYC_300_22BZ1157B - HYC_300_22BZ1157B,2022,6,26
952404,IT*F2X*EF2XITA9001*1,Civitella D'agliano,42.623546,12.232471,alpitronic GmbH,HYC_300_23BZ1513B - HYC_300_23BZ1513B,2023,12,49
952404,IT*F2X*EF2XITA9001*2,Civitella D'agliano,42.623546,12.232471,alpitronic GmbH,HYC_300_23BZ1513B - HYC_300_23BZ1513B,2023,12,49
952405,IT*F2X*EF2XITA9002*1,Civitella D'agliano,42.623481,12.232482,alpitronic GmbH,HYC_300_23BZ0057B - HYC_300_23BZ0057B,2023,12,49
952405,IT*F2X*EF2XITA9002*2,Civitella D'agliano,42.623481,12.232482,alpitronic GmbH,HYC_300_23BZ0057B - HYC_300_23BZ0057B,2023,12,49
952406,IT*F2X*EF2XITA9051*1,Civitella D'agliano,42.623415,12.232488,EVTEC,23192205 10941.1A - 23192205 10941.1A,2023,12,49
952406,IT*F2X*EF2XITA9051*2,Civitella D'agliano,42.623415,12.232488,EVTEC,23192205 10941.1A - 23192205 10941.1A,2023,12,49
944310,IT*F2X*EF2XITA3601*1,Casalecchio di Reno,44.456131,11.279496,alpitronic GmbH,HYC_300_23BZ1044B - HYC_300_23BZ1044B,2023,11,45
944310,IT*F2X*EF2XITA3601*2,Casalecchio di Reno,44.456131,11.279496,alpitronic GmbH,HYC_300_23BZ1044B - HYC_300_23BZ1044B,2023,11,45
944311,IT*F2X*EF2XITA3602*1,Casalecchio di Reno,44.456098,11.279547,alpitronic GmbH,HYC_300_22BZ6986B - HYC_300_22BZ6986B,2023,11,45
944311,IT*F2X*EF2XITA3602*2,Casalecchio di Reno,44.456098,11.279547,alpitronic GmbH,HYC_300_22BZ6986B - HYC_300_22BZ6986B,2023,11,45
402837,IT*F2X*EF2XITO3502*1,Andria,41.251814,16.220104,alpitronic GmbH,HYC_300_22BZ0682B - HYC_300_22BZ0682B,2022,6,26
402837,IT*F2X*EF2XITO3502*2,Andria,41.251814,16.220104,alpitronic GmbH,HYC_300_22BZ0682B - HYC_300_22BZ0682B,2022,6,26
944312,IT*F2X*EF2XITA3651*1,Casalecchio di Reno,44.456182,11.2795,EVTEC,23122119 10941.1A - 23122119 10941.1A,2023,11,45
944312,IT*F2X*EF2XITA3651*2,Casalecchio di Reno,44.456182,11.2795,EVTEC,23122119 10941.1A - 23122119 10941.1A,2023,11,45
944312,IT*F2X*EF2XITA3651*3,Casalecchio di Reno,44.456182,11.2795,EVTEC,23122119 10941.1A - 23122119 10941.1A,2023,11,45
952406,IT*F2X*EF2XITA9051*3,Civitella D'agliano,42.623415,12.232488,EVTEC,23192205 10941.1A - 23192205 10941.1A,2023,12,49
952410,IT*F2X*EF2XITT0101*1,Pozzuoli,40.837613,14.119611,Unknown,Unknown,2023,12,50
952410,IT*F2X*EF2XITT0101*2,Pozzuoli,40.837613,14.119611,Unknown,Unknown,2023,12,50
952411,IT*F2X*EF2XITT0102*1,Pozzuoli,40.837674,14.11955,Unknown,Unknown,2023,12,50
952411,IT*F2X*EF2XITT0102*2,Pozzuoli,40.837674,14.11955,Unknown,Unknown,2023,12,50
952412,IT*F2X*EF2XITT0151*1,Pozzuoli,40.837704,14.119489,Unknown,Unknown,2023,12,50
952412,IT*F2X*EF2XITT0151*2,Pozzuoli,40.837704,14.119489,Unknown,Unknown,2023,12,50
952412,IT*F2X*EF2XITT0151*3,Pozzuoli,40.837704,14.119489,Unknown,Unknown,2023,12,50
952413,IT*F2X*EF2XITM3001*1,Costa di Rovigo,45.041112,11.710366,alpitronic GmbH,HYC_300_23BZ1509B - HYC_300_23BZ1509B,2023,12,49
952413,IT*F2X*EF2XITM3001*2,Costa di Rovigo,45.041112,11.710366,alpitronic GmbH,HYC_300_23BZ1509B - HYC_300_23BZ1509B,2023,12,49
952414,IT*F2X*EF2XITM3002*1,Costa di Rovigo,45.041157,11.7104,alpitronic GmbH,HYC_300_23BZ1510B - HYC_300_23BZ1510B,2023,12,49
952414,IT*F2X*EF2XITM3002*2,Costa di Rovigo,45.041157,11.7104,alpitronic GmbH,HYC_300_23BZ1510B - HYC_300_23BZ1510B,2023,12,49
952415,IT*F2X*EF2XITM3051*1,Costa di Rovigo,45.041064,11.710312,EVTEC,23222152 10941.1A - 23222152 10941.1A,2023,12,49
952415,IT*F2X*EF2XITM3051*2,Costa di Rovigo,45.041064,11.710312,EVTEC,23222152 10941.1A - 23222152 10941.1A,2023,12,49
952415,IT*F2X*EF2XITM3051*3,Costa di Rovigo,45.041064,11.710312,EVTEC,23222152 10941.1A - 23222152 10941.1A,2023,12,49
475845,IT*F2X*EF2XITM2051*1,Ferrara,44.879292,11.570791,EVTEC,22481970 10941.1A - 22481970 10941.1A,2023,1,4
479774,IT*F2X*EF2XITB4051*2,Anagni,41.686784,13.188454,EVTEC,22511979 10941.1A - 22511979 10941.1A,2023,2,5
479774,IT*F2X*EF2XITB4051*3,Anagni,41.686784,13.188454,EVTEC,22511979 10941.1A - 22511979 10941.1A,2023,2,5
475845,IT*F2X*EF2XITM2051*2,Ferrara,44.879292,11.570791,EVTEC,22481970 10941.1A - 22481970 10941.1A,2023,1,4
381615,IT*F2X*EF2XITA2102*1,Fiorenzuola d'Arda,44.96261,9.90443,alpitronic GmbH,HYC_300_22BZ0545B - HYC_300_22BZ0545B,0,0,0
381615,IT*F2X*EF2XITA2102*2,Fiorenzuola d'Arda,44.96261,9.90443,alpitronic GmbH,HYC_300_22BZ0545B - HYC_300_22BZ0545B,0,0,0
402846,IT*F2X*EF2XITO3601*1,Andria,41.25078,16.218864,alpitronic GmbH,HYC_300_22BZ0678B - HYC_300_22BZ0678B,2022,6,26
402846,IT*F2X*EF2XITO3601*2,Andria,41.25078,16.218864,alpitronic GmbH,HYC_300_22BZ0678B - HYC_300_22BZ0678B,2022,6,26
402847,IT*F2X*EF2XITO3602*1,Andria,41.250745,16.21894,alpitronic GmbH,HYC_300_22BZ1159B - HYC_300_22BZ1159B,2022,6,26
381618,IT*F2X*EF2XITA2101*1,Fiorenzuola d'Arda,44.96265,9.90435,alpitronic GmbH,HYC_300_22BZ0544B - HYC_300_22BZ0544B,0,0,0
381618,IT*F2X*EF2XITA2101*2,Fiorenzuola d'Arda,44.96265,9.90435,alpitronic GmbH,HYC_300_22BZ0544B - HYC_300_22BZ0544B,0,0,0
402847,IT*F2X*EF2XITO3602*2,Andria,41.250745,16.21894,alpitronic GmbH,HYC_300_22BZ1159B - HYC_300_22BZ1159B,2022,6,26
475850,IT*F2X*EF2XITM2151*1,Ferrara,44.880209,11.568843,EVTEC,22481969 10941.1A - 22481969 10941.1A,2023,1,4
475850,IT*F2X*EF2XITM2151*2,Ferrara,44.880209,11.568843,EVTEC,22481969 10941.1A - 22481969 10941.1A,2023,1,4
475850,IT*F2X*EF2XITM2151*3,Ferrara,44.880209,11.568843,EVTEC,22481969 10941.1A - 22481969 10941.1A,2023,1,4
479778,IT*F2X*EF2XITB4151*1,Anagni,41.686065,13.187462,EVTEC,22501978 10941.1A - 22501978 10941.1A,2023,2,5
479778,IT*F2X*EF2XITB4151*2,Anagni,41.686065,13.187462,EVTEC,22501978 10941.1A - 22501978 10941.1A,2023,2,5
479778,IT*F2X*EF2XITB4151*3,Anagni,41.686065,13.187462,EVTEC,22501978 10941.1A - 22501978 10941.1A,2023,2,5
423752,IT*F2X*EF2XITZ9901*1,San Giovanni Valdarno,43.58293,11.52257,alpitronic GmbH,HYC_300_22BZ0690B - HYC_300_22BZ0690B,2022,10,40
423752,IT*F2X*EF2XITZ9901*2,San Giovanni Valdarno,43.58293,11.52257,alpitronic GmbH,HYC_300_22BZ0690B - HYC_300_22BZ0690B,2022,10,40
1002660,IT*F2X*EF2XITO4602*1,Modugno,41.095284,16.768513,alpitronic GmbH,HYC_300_23BZ0055B - HYC_300_23BZ0055B,2024,5,21
1002660,IT*F2X*EF2XITO4602*2,Modugno,41.095284,16.768513,alpitronic GmbH,HYC_300_23BZ0055B - HYC_300_23BZ0055B,2024,5,21
926295,IT*F2X*EF2XITA3101*1,Modena,44.661571,10.854928,alpitronic GmbH,HYC_400_23BZ0433D - HYC_400_23BZ0433D,2023,9,39
1014238,IT*F2X*EF2XITN0503*2,Bologna,44.519363,11.214104,Unknown,Unknown,2024,6,26
926295,IT*F2X*EF2XITA3101*2,Modena,44.661571,10.854928,alpitronic GmbH,HYC_400_23BZ0433D - HYC_400_23BZ0433D,2023,9,39
926296,IT*F2X*EF2XITA3102*1,Modena,44.661615,10.854808,alpitronic GmbH,HYC_400_23BZ0435D - HYC_400_23BZ0435D,2023,9,39
926296,IT*F2X*EF2XITA3102*2,Modena,44.661615,10.854808,alpitronic GmbH,HYC_400_23BZ0435D - HYC_400_23BZ0435D,2023,9,39
922316,IT*F2X*EF2XITO4601*1,Modugno,41.095542,16.768485,Wall Box Chargers,933644 - 933644,2023,9,37
922316,IT*F2X*EF2XITO4601*2,Modugno,41.095542,16.768485,Wall Box Chargers,933644 - 933644,2023,9,37
906863,IT*F2X*EF2XITL2151*1,Tolfa,42.029539,11.962239,EVTEC,23082086 10941.1A - 23082086 10941.1A,2023,7,28
906863,IT*F2X*EF2XITL2151*2,Tolfa,42.029539,11.962239,EVTEC,23082086 10941.1A - 23082086 10941.1A,2023,7,28
906863,IT*F2X*EF2XITL2151*3,Tolfa,42.029539,11.962239,EVTEC,23082086 10941.1A - 23082086 10941.1A,2023,7,28
426243,IT*F2X*EF2XITZ9951*1,San Giovanni Valdarno,43.58295,11.52266,EVTEC,22381773 10941.1A - 22381773 10941.1A,2022,10,42
426243,IT*F2X*EF2XITZ9951*2,San Giovanni Valdarno,43.58295,11.52266,EVTEC,22381773 10941.1A - 22381773 10941.1A,2022,10,42
426243,IT*F2X*EF2XITZ9951*3,San Giovanni Valdarno,43.58295,11.52266,EVTEC,22381773 10941.1A - 22381773 10941.1A,2022,10,42
426244,IT*F2X*EF2XITA6651*1,Firenze,43.65027,11.46456,EVTEC,22391772 10941.1A - 22391772 10941.1A,2022,10,42
426244,IT*F2X*EF2XITA6651*2,Firenze,43.65027,11.46456,EVTEC,22391772 10941.1A - 22391772 10941.1A,2022,10,42
426244,IT*F2X*EF2XITA6651*3,Firenze,43.65027,11.46456,EVTEC,22391772 10941.1A - 22391772 10941.1A,2022,10,42
1033654,IT*F2X*EF2XITA8603*1,Fabro,42.876439,12.017409,alpitronic GmbH,HYC_400_24BZ5261D - HYC_400_24BZ5261D,2024,8,32
1033654,IT*F2X*EF2XITA8603*2,Fabro,42.876439,12.017409,alpitronic GmbH,HYC_400_24BZ5261D - HYC_400_24BZ5261D,2024,8,32
1033655,IT*F2X*EF2XITA8604*1,Fabro,42.876368,12.017454,alpitronic GmbH,HYC_400_24BZ5264D - HYC_400_24BZ5264D,2024,8,32
1033655,IT*F2X*EF2XITA8604*2,Fabro,42.876368,12.017454,alpitronic GmbH,HYC_400_24BZ5264D - HYC_400_24BZ5264D,2024,8,32
1033667,IT*F2X*EF2XITA6603*1,Firenze,43.650588,11.464456,alpitronic GmbH,HYC_300_24BZ1729B - HYC_300_24BZ1729B,2024,8,32
1033667,IT*F2X*EF2XITA6603*2,Firenze,43.650588,11.464456,alpitronic GmbH,HYC_300_24BZ1729B - HYC_300_24BZ1729B,2024,8,32
1033668,IT*F2X*EF2XITA6604*1,Firenze,43.650582,11.464407,alpitronic GmbH,HYC_300_24BZ1725B - HYC_300_24BZ1725B,2024,8,32
1033668,IT*F2X*EF2XITA6604*2,Firenze,43.650582,11.464407,alpitronic GmbH,HYC_300_24BZ1725B - HYC_300_24BZ1725B,2024,8,32
1033669,IT*F2X*EF2XITZ9903*1,San Giovanni Valdarno,43.582888,11.522525,alpitronic GmbH,HYC_400_24BZ7825D - HYC_400_24BZ7825D,2024,8,32
1033669,IT*F2X*EF2XITZ9903*2,San Giovanni Valdarno,43.582888,11.522525,alpitronic GmbH,HYC_400_24BZ7825D - HYC_400_24BZ7825D,2024,8,32
1033670,IT*F2X*EF2XITZ9904*1,San Giovanni Valdarno,43.582876,11.522547,alpitronic GmbH,HYC_400_24BZ7815D - HYC_400_24BZ7815D,2024,8,32
1033670,IT*F2X*EF2XITZ9904*2,San Giovanni Valdarno,43.582876,11.522547,alpitronic GmbH,HYC_400_24BZ7815D - HYC_400_24BZ7815D,2024,8,32
1033674,IT*F2X*EF2XITD2003*1,Caponago,45.575792,9.393822,alpitronic GmbH,HYC_300_24BZ1816B - HYC_300_24BZ1816B,2024,8,32
1033674,IT*F2X*EF2XITD2003*2,Caponago,45.575792,9.393822,alpitronic GmbH,HYC_300_24BZ1816B - HYC_300_24BZ1816B,2024,8,32
1033675,IT*F2X*EF2XITD2004*1,Caponago,45.575796,9.393841,alpitronic GmbH,HYC_300_24BZ1800B - HYC_300_24BZ1800B,2024,8,32
1033675,IT*F2X*EF2XITD2004*2,Caponago,45.575796,9.393841,alpitronic GmbH,HYC_300_24BZ1800B - HYC_300_24BZ1800B,2024,8,32
578610,IT*F2X*EF2XITM1151*1,Bologna,44.622771,11.420098,EVTEC,23082071 10941.1A - 23082071 10941.1A,2023,3,13
578610,IT*F2X*EF2XITM1151*2,Bologna,44.622771,11.420098,EVTEC,23082071 10941.1A - 23082071 10941.1A,2023,3,13
578610,IT*F2X*EF2XITM1151*3,Bologna,44.622771,11.420098,EVTEC,23082071 10941.1A - 23082071 10941.1A,2023,3,13
480380,IT*F2X*EF2XITB4601*1,Castrocielo,41.4969,13.683093,alpitronic GmbH,HYC_300_22BZ5353B - HYC_300_22BZ5353B,2023,2,6
902526,IT*F2X*EF2XITX2151*1,Belforte Monferrato,44.592173,8.664706,EVTEC,23122107 10941.1A - 23122107 10941.1A,2023,6,25
902526,IT*F2X*EF2XITX2151*2,Belforte Monferrato,44.592173,8.664706,EVTEC,23122107 10941.1A - 23122107 10941.1A,2023,6,25
902526,IT*F2X*EF2XITX2151*3,Belforte Monferrato,44.592173,8.664706,EVTEC,23122107 10941.1A - 23122107 10941.1A,2023,6,25
480380,IT*F2X*EF2XITB4601*2,Castrocielo,41.4969,13.683093,alpitronic GmbH,HYC_300_22BZ5353B - HYC_300_22BZ5353B,2023,2,6
419025,IT*F2X*EF2XITLINC01*1,Milano,45.461856,9.276363,alpitronic GmbH,HYC_300_22BZ2235B - HYC_300_22BZ2235B,0,0,0
419025,IT*F2X*EF2XITLINC01*2,Milano,45.461856,9.276363,alpitronic GmbH,HYC_300_22BZ2235B - HYC_300_22BZ2235B,0,0,0
419026,IT*F2X*EF2XITLINC02*1,Milano,45.461861,9.276267,alpitronic GmbH,HYC_300_22BZ0667B - HYC_300_22BZ0667B,0,0,0
419026,IT*F2X*EF2XITLINC02*2,Milano,45.461861,9.276267,alpitronic GmbH,HYC_300_22BZ0667B - HYC_300_22BZ0667B,0,0,0
419027,IT*F2X*EF2XITLINC04*1,Milano,45.461869,9.27606,alpitronic GmbH,HYC_300_22BZ2234B - HYC_300_22BZ2234B,0,0,0
419027,IT*F2X*EF2XITLINC04*2,Milano,45.461869,9.27606,alpitronic GmbH,HYC_300_22BZ2234B - HYC_300_22BZ2234B,0,0,0
1033689,IT*F2X*EF2XITA5503*1,Firenze,43.831805,11.160038,alpitronic GmbH,HYC_300_24BZ1716B - HYC_300_24BZ1716B,2024,8,32
1033689,IT*F2X*EF2XITA5503*2,Firenze,43.831805,11.160038,alpitronic GmbH,HYC_300_24BZ1716B - HYC_300_24BZ1716B,2024,8,32
1033690,IT*F2X*EF2XITA5504*1,Firenze,43.831807,11.159944,alpitronic GmbH,HYC_300_24BZ1719B - HYC_300_24BZ1719B,2024,8,32
1033690,IT*F2X*EF2XITA5504*2,Firenze,43.831807,11.159944,alpitronic GmbH,HYC_300_24BZ1719B - HYC_300_24BZ1719B,2024,8,32
1033691,IT*F2X*EF2XITN1003*1,Castel San Pietro Terme,44.429238,11.600258,alpitronic GmbH,HYC_300_24BZ1693B - HYC_300_24BZ1693B,2024,8,32
1033691,IT*F2X*EF2XITN1003*2,Castel San Pietro Terme,44.429238,11.600258,alpitronic GmbH,HYC_300_24BZ1693B - HYC_300_24BZ1693B,2024,8,32
1033692,IT*F2X*EF2XITN1004*1,Castel San Pietro Terme,44.429191,11.600233,alpitronic GmbH,HYC_300_24BZ1708B - HYC_300_24BZ1708B,2024,8,32
1033692,IT*F2X*EF2XITN1004*2,Castel San Pietro Terme,44.429191,11.600233,alpitronic GmbH,HYC_300_24BZ1708B - HYC_300_24BZ1708B,2024,8,32
912516,IT*F2X*EF2XITMXPP51*1,Somma Lombardo,45.636198,8.712838,FIMER SPA,P58784,0,0,0
912516,IT*F2X*EF2XITMXPP51*2,Somma Lombardo,45.636198,8.712838,FIMER SPA,P58784,0,0,0
1021212,IT*F2X*EF2XITB4003*1,Anagni,41.68651,13.18873,alpitronic GmbH,HYC_400_24BZ5278D - HYC_400_24BZ5278D,2024,7,29
1021212,IT*F2X*EF2XITB4003*2,Anagni,41.68651,13.18873,alpitronic GmbH,HYC_400_24BZ5278D - HYC_400_24BZ5278D,2024,7,29
1021213,IT*F2X*EF2XITB4004*1,Anagni,41.686475,13.188683,alpitronic GmbH,HYC_400_24BZ5273D - HYC_400_24BZ5273D,2024,7,29
1021213,IT*F2X*EF2XITB4004*2,Anagni,41.686475,13.188683,alpitronic GmbH,HYC_400_24BZ5273D - HYC_400_24BZ5273D,2024,7,29
1021214,IT*F2X*EF2XITB4103*1,Anagni,41.68595,13.18764,alpitronic GmbH,HYC_400_24BZ5270D - HYC_400_24BZ5270D,2024,7,29
1021214,IT*F2X*EF2XITB4103*2,Anagni,41.68595,13.18764,alpitronic GmbH,HYC_400_24BZ5270D - HYC_400_24BZ5270D,2024,7,29
1021215,IT*F2X*EF2XITB4104*1,Anagni,41.685892,13.187719,alpitronic GmbH,HYC_400_24BZ5266D - HYC_400_24BZ5266D,2024,7,29
1021215,IT*F2X*EF2XITB4104*2,Anagni,41.685892,13.187719,alpitronic GmbH,HYC_400_24BZ5266D - HYC_400_24BZ5266D,2024,7,29
912525,IT*F2X*EF2XITMXPP01*1,Somma Lombardo,45.636207,8.712917,alpitronic GmbH,HYC_150_22BZ0988A - HYC_150_22BZ0988A,0,0,0
912525,IT*F2X*EF2XITMXPP01*2,Somma Lombardo,45.636207,8.712917,alpitronic GmbH,HYC_150_22BZ0988A - HYC_150_22BZ0988A,0,0,0
483277,IT*F2X*EF2XITP4151*2,Vallata,41.064668,15.314502,EVTEC,23021993 10941.1A - 23021993 10941.1A,2023,3,9
483277,IT*F2X*EF2XITP4151*3,Vallata,41.064668,15.314502,EVTEC,23021993 10941.1A - 23021993 10941.1A,2023,3,9
957509,IT*F2X*EF2XITB5701*1,Casoria,40.885732,14.316923,Unknown,Unknown,0,0,0
957509,IT*F2X*EF2XITB5701*2,Casoria,40.885732,14.316923,Unknown,Unknown,0,0,0
957510,IT*F2X*EF2XITB5702*1,Casoria,40.885796,14.316911,alpitronic GmbH,HYC_300_22BZ5314B - HYC_300_22BZ5314B,0,0,0
957510,IT*F2X*EF2XITB5702*2,Casoria,40.885796,14.316911,alpitronic GmbH,HYC_300_22BZ5314B - HYC_300_22BZ5314B,0,0,0
957511,IT*F2X*EF2XITB5751*1,Casoria,40.885845,14.316871,Unknown,Unknown,0,0,0
957511,IT*F2X*EF2XITB5751*2,Casoria,40.885845,14.316871,Unknown,Unknown,0,0,0
957511,IT*F2X*EF2XITB5751*3,Casoria,40.885845,14.316871,Unknown,Unknown,0,0,0
483280,IT*F2X*EF2XITP4051*1,Vallata,41.06671,15.315796,EVTEC,23011992 10941.1A - 23011992 10941.1A,2023,3,9
903226,IT*F2X*EF2XITT0201*1,Napoli,40.873302,14.279745,alpitronic GmbH,HYC_300_22BZ5309B - HYC_300_22BZ5309B,2023,6,26
903226,IT*F2X*EF2XITT0201*2,Napoli,40.873302,14.279745,alpitronic GmbH,HYC_300_22BZ5309B - HYC_300_22BZ5309B,2023,6,26
903227,IT*F2X*EF2XITT0202*1,Napoli,40.873302,14.279745,alpitronic GmbH,HYC_300_22BZ5311B - HYC_300_22BZ5311B,2023,6,26
483280,IT*F2X*EF2XITP4051*2,Vallata,41.06671,15.315796,EVTEC,23011992 10941.1A - 23011992 10941.1A,2023,3,9
903227,IT*F2X*EF2XITT0202*2,Napoli,40.873302,14.279745,alpitronic GmbH,HYC_300_22BZ5311B - HYC_300_22BZ5311B,2023,6,26
957514,IT*F2X*EF2XITO2001*1,Foggia,41.591279,15.5017,alpitronic GmbH,HYC_300_23BZ1518B - HYC_300_23BZ1518B,0,0,0
957514,IT*F2X*EF2XITO2001*2,Foggia,41.591279,15.5017,alpitronic GmbH,HYC_300_23BZ1518B - HYC_300_23BZ1518B,0,0,0
957515,IT*F2X*EF2XITO2002*1,Foggia,41.591304,15.501731,alpitronic GmbH,HYC_300_23BZ1502B - HYC_300_23BZ1502B,0,0,0
483280,IT*F2X*EF2XITP4051*3,Vallata,41.06671,15.315796,EVTEC,23011992 10941.1A - 23011992 10941.1A,2023,3,9
957515,IT*F2X*EF2XITO2002*2,Foggia,41.591304,15.501731,alpitronic GmbH,HYC_300_23BZ1502B - HYC_300_23BZ1502B,0,0,0
957516,IT*F2X*EF2XITO2051*1,Foggia,41.591331,15.501649,EVTEC,23252163 10941.1A - 23252163 10941.1A,0,0,0
957516,IT*F2X*EF2XITO2051*2,Foggia,41.591331,15.501649,EVTEC,23252163 10941.1A - 23252163 10941.1A,0,0,0
957516,IT*F2X*EF2XITO2051*3,Foggia,41.591331,15.501649,EVTEC,23252163 10941.1A - 23252163 10941.1A,0,0,0
957517,IT*F2X*EF2XITO2101*1,Foggia,41.590938,15.500337,alpitronic GmbH,HYC_300_23BZ1507B - HYC_300_23BZ1507B,2023,12,51
957517,IT*F2X*EF2XITO2101*2,Foggia,41.590938,15.500337,alpitronic GmbH,HYC_300_23BZ1507B - HYC_300_23BZ1507B,2023,12,51
957518,IT*F2X*EF2XITO2102*1,Foggia,41.590956,15.500268,alpitronic GmbH,HYC_300_23BZ1512B - HYC_300_23BZ1512B,2023,12,51
957518,IT*F2X*EF2XITO2102*2,Foggia,41.590956,15.500268,alpitronic GmbH,HYC_300_23BZ1512B - HYC_300_23BZ1512B,2023,12,51
957519,IT*F2X*EF2XITO2151*1,Foggia,41.590898,15.500381,Unknown,Unknown,2023,12,51
957519,IT*F2X*EF2XITO2151*2,Foggia,41.590898,15.500381,Unknown,Unknown,2023,12,51
579086,IT*F2X*EF2XITJ3051*1,Savona,44.28765,8.440903,EVTEC,23011980 10941.1A - 23011980 10941.1A,2023,4,14
579086,IT*F2X*EF2XITJ3051*2,Savona,44.28765,8.440903,EVTEC,23011980 10941.1A - 23011980 10941.1A,2023,4,14
579086,IT*F2X*EF2XITJ3051*3,Savona,44.28765,8.440903,EVTEC,23011980 10941.1A - 23011980 10941.1A,2023,4,14
957519,IT*F2X*EF2XITO2151*3,Foggia,41.590898,15.500381,Unknown,Unknown,2023,12,51
579090,IT*F2X*EF2XITL9151*1,Genova,44.392512,9.044875,EVTEC,23062061 10941.1A - 23062061 10941.1A,2023,4,14
579090,IT*F2X*EF2XITL9151*2,Genova,44.392512,9.044875,EVTEC,23062061 10941.1A - 23062061 10941.1A,2023,4,14
579090,IT*F2X*EF2XITL9151*3,Genova,44.392512,9.044875,EVTEC,23062061 10941.1A - 23062061 10941.1A,2023,4,14
579093,IT*F2X*EF2XITL9051*1,Genova,44.393366,9.046565,EVTEC,23062062 10941.1A - 23062062 10941.1A,2023,4,14
579093,IT*F2X*EF2XITL9051*2,Genova,44.393366,9.046565,EVTEC,23062062 10941.1A - 23062062 10941.1A,2023,4,14
579093,IT*F2X*EF2XITL9051*3,Genova,44.393366,9.046565,EVTEC,23062062 10941.1A - 23062062 10941.1A,2023,4,14
